unit;default_id;cross_default_cocunut;entity_type;entity_type_desc;default_status_detail;cross_default_start_date;tdc;tdc2;dqi_check
RLCZ;133634;852366;3;Corporates;P;21.07.2021;852366;852366;OK
RLCZ;123776;798141;6;Small Medium Business (SMB);P;23.03.2020;798141;798141;OK
TLSK;89441;39133;3;Corporates;P;01.06.2016;39133;39133;OK
TLSK;136333;1449602;6;Small Medium Business (SMB);P;26.11.2021;1449602;1449602;OK
RBHR;131991;534770;3;Corporates;P;30.04.2021;534770;534770;OK
AVAL;139080;1848907;3;Corporates;P;16.05.2022;1848907;1848907;OK
RLBY1;128912;875198;6;Small Medium Business (SMB);P;25.11.2020;875198;875198;OK
TBSK;136252;1359522;6;Small Medium Business (SMB);P;25.11.2021;1359522;1359522;OK
TLSK;118591;181865;6;Small Medium Business (SMB);P;23.07.2019;181865;181865;OK
RLBG;133371;151872;6;Small Medium Business (SMB);C;09.07.2021;151872;151872;OK
RLCZ;127613;152705;3;Corporates;P;24.09.2020;152705;152705;OK
RLRO;98226;600834;3;Corporates;P;30.03.2017;600834;600834;OK
TLSK;138791;1064715;6;Small Medium Business (SMB);C;28.04.2022;1064715;1064715;OK
TBSK;121013;1636934;6;Small Medium Business (SMB);P;02.12.2019;1636934;1636934;OK
RBI;139752;631167;3;Corporates;P;28.06.2022;631167;631167;OK
ILSK;134677;1224886;6;Small Medium Business (SMB);C;24.09.2021;1224886;1224886;OK
RLHR;112047;108906;3;Corporates;P;23.08.2018;108906;108906;OK
RLRO;130012;465309;3;Corporates;P;30.12.2020;465309;465309;OK
RLBH;142098;755440;6;Small Medium Business (SMB);P;30.11.2022;755440;755440;OK
TBSK;122393;783104;6;Small Medium Business (SMB);P;30.01.2020;783104;783104;OK
TBSK;113370;779709;6;Small Medium Business (SMB);P;25.10.2018;779709;779709;OK
RLBY1;125871;886124;6;Small Medium Business (SMB);P;02.07.2020;886124;886124;OK
RBILEG;138214;1511188;3;Corporates;P;28.03.2022;1511188;1511188;OK
RLHR;141156;516266;6;Small Medium Business (SMB);P;23.09.2022;516266;516266;OK
RLBH;119030;1541082;6;Small Medium Business (SMB);C;19.08.2019;1541082;1541082;OK
TLSK;93401;100835;6;Small Medium Business (SMB);C;12.10.2016;100835;100835;OK
RLBY1;127910;492333;3;Corporates;P;07.10.2020;492333;492333;OK
TLSK;138795;1321721;3;Corporates;P;28.04.2022;1321721;1321721;OK
RLHR;129190;130084;6;Small Medium Business (SMB);C;01.12.2020;130084;130084;OK
RLGMBH;122351;25977;3;Corporates;C;29.01.2020;25977;25977;OK
RBRO;119090;680789;6;Small Medium Business (SMB);P;21.08.2019;680789;680789;OK
RLRU;136293;1334352;3;Corporates;P;26.11.2021;1334352;1334352;OK
RBAL;128971;196157;3;Corporates;P;26.11.2020;196157;196157;OK
RLHR;126197;449499;3;Corporates;C;24.07.2020;449499;449499;OK
RLBY1;89361;505425;3;Corporates;C;31.05.2016;505425;505425;OK
RLGMBH;107385;119582;3;Corporates;C;27.12.2017;119582;119582;OK
RLHR;101646;140081;3;Corporates;P;28.06.2017;140081;140081;OK
RLCZ;119950;935889;3;Corporates;C;27.09.2019;935889;935889;OK
ILSK;134675;90796;3;Corporates;C;24.09.2021;90796;90796;OK
RPL;132632;1225257;6;Small Medium Business (SMB);C;16.06.2021;1225257;1225257;OK
RBHR;94483;108485;3;Corporates;P;10.11.2016;108485;108485;OK
RLHR;102106;82258;3;Corporates;C;10.07.2017;;;ERROR
TLSK;138789;806980;6;Small Medium Business (SMB);P;28.04.2022;;;ERROR
RLPL;86983;698024;;;C;15.03.2016;;;ERROR
RBRO;132030;757599;6;Small Medium Business (SMB);C;04.05.2021;757599;757599;OK
RLKO;89822;124641;3;Corporates;C;16.06.2016;124641;124641;OK
RLAL;121650;920427;6;Small Medium Business (SMB);P;20.12.2019;920427;920427;OK
RLBY1;135130;1235933;6;Small Medium Business (SMB);P;04.10.2021;1235933;1235933;OK
RLAL;127770;231683;3;Corporates;P;30.09.2020;231683;231683;OK
RLHR;85363;107459;6;Small Medium Business (SMB);C;26.01.2016;107459;107459;OK
RLRO;114270;510526;3;Corporates;P;28.11.2018;510526;510526;OK
RLBG;117910;1046398;6;Small Medium Business (SMB);P;12.06.2019;1046398;1046398;OK
RLRU;115711;1349190;3;Corporates;C;15.02.2019;1349190;1349190;OK
RLBY1;135393;780246;3;Corporates;P;14.10.2021;780246;780246;OK
TLSK;97085;733159;6;Small Medium Business (SMB);P;15.02.2017;733159;733159;OK
TLSK;134971;1318965;6;Small Medium Business (SMB);P;29.09.2021;1318965;1318965;OK
RLBG;94522;231354;6;Small Medium Business (SMB);P;14.11.2016;231354;231354;OK
RLBH;126650;167440;3;Corporates;P;11.08.2020;167440;167440;OK
TLSK;138612;786599;3;Corporates;P;20.04.2022;786599;786599;OK
ILSK;134680;805532;3;Corporates;C;24.09.2021;805532;805532;OK
TLSK;138788;805532;3;Corporates;P;28.04.2022;805532;805532;OK
RLBH;116950;949287;6;Small Medium Business (SMB);C;19.04.2019;949287;949287;OK
RLBY1;124052;1404620;6;Small Medium Business (SMB);C;31.03.2020;1404620;1404620;OK
RLHR;124391;108248;3;Corporates;P;27.04.2020;108248;108248;OK
RLRO;128592;156570;6;Small Medium Business (SMB);P;16.11.2020;156570;156570;OK
RLRS;139732;235990;3;Corporates;P;27.06.2022;235990;235990;OK
RBCZ;133897;1464035;6;Small Medium Business (SMB);P;10.08.2021;1464035;1464035;OK
RLRO;123411;1439300;6;Small Medium Business (SMB);P;06.03.2020;1439300;1439300;OK
TBSK;138232;1927438;6;Small Medium Business (SMB);P;29.03.2022;1927438;1927438;OK
RLBH;124531;1477862;6;Small Medium Business (SMB);C;08.05.2020;1477862;1477862;OK
ILSK;137671;1627966;6;Small Medium Business (SMB);C;17.02.2022;1627966;1627966;OK
RLRO;127912;868646;6;Small Medium Business (SMB);C;07.10.2020;868646;868646;OK
RBI;141195;392957;3;Corporates;P;27.09.2022;392957;392957;OK
RLHR;98367;108736;3;Corporates;C;31.03.2017;108736;108736;OK
RBBY;121530;574821;6;Small Medium Business (SMB);C;17.12.2019;574821;574821;OK
RLCZ;128977;1437486;3;Corporates;P;26.11.2020;1437486;1437486;OK
TBSK;130671;1633034;3;Corporates;P;17.02.2021;1633034;1633034;OK
RLHR;118611;523245;3;Corporates;P;24.07.2019;523245;523245;OK
RLBY1;139755;579784;6;Small Medium Business (SMB);P;28.06.2022;579784;579784;OK
RBCZ;111846;92677;3;Corporates;C;10.08.2018;92677;92677;OK
RBCZ;125590;716505;6;Small Medium Business (SMB);C;18.06.2020;716505;716505;OK
RBRO;129578;1328588;6;Small Medium Business (SMB);P;14.12.2020;1328588;1328588;OK
RLHR;131631;1355886;6;Small Medium Business (SMB);P;09.04.2021;1355886;1355886;OK
RBSG;90881;724263;3;Corporates;C;20.07.2016;724263;724263;OK
TBSK;131792;1432833;6;Small Medium Business (SMB);P;19.04.2021;1432833;1432833;OK
RLBY1;91641;179244;3;Corporates;C;22.08.2016;179244;179244;OK
TLSK;91101;214604;3;Corporates;C;26.07.2016;214604;214604;OK
RLBY1;94162;1205175;3;Corporates;C;31.10.2016;1205175;1205175;OK
RLBH;135791;166071;6;Small Medium Business (SMB);C;01.11.2021;166071;166071;OK
RBBH;132490;757430;6;Small Medium Business (SMB);C;03.06.2021;757430;757430;OK
RLHR;137396;790135;3;Corporates;C;27.01.2022;790135;790135;OK
ILSK;134687;1475904;6;Small Medium Business (SMB);C;24.09.2021;1475904;1475904;OK
RBI;141193;389595;3;Corporates;P;27.09.2022;389595;389595;OK
TBSK;101346;192323;6;Small Medium Business (SMB);C;21.06.2017;192323;192323;OK
RLRS;128810;130353;3;Corporates;P;23.11.2020;130353;130353;OK
RLHR;114793;594600;3;Corporates;C;20.12.2018;594600;594600;OK
RLBY1;110406;503892;6;Small Medium Business (SMB);C;14.05.2018;503892;503892;OK
RLBY1;85381;493127;6;Small Medium Business (SMB);C;27.01.2016;493127;493127;OK
RLPL;88343;81097;;;C;28.04.2016;;;ERROR
RLPL;88342;804239;;;C;28.04.2016;;;ERROR
RLPL;88341;804240;;;C;28.04.2016;;;ERROR
RLHR;126196;1229238;3;Corporates;C;24.07.2020;1229238;1229238;OK
RLRO;104745;796794;6;Small Medium Business (SMB);C;17.10.2017;796794;796794;OK
TLSK;136331;99506;6;Small Medium Business (SMB);P;26.11.2021;99506;99506;OK
RLKO;140673;1831041;6;Small Medium Business (SMB);P;23.08.2022;1831041;1831041;OK
RLHR;114172;188625;3;Corporates;C;23.11.2018;188625;188625;OK
RLHR;102545;107637;6;Small Medium Business (SMB);C;21.07.2017;107637;107637;OK
RBAL;128915;792858;3;Corporates;C;25.11.2020;792858;792858;OK
RLRS;118073;173347;6;Small Medium Business (SMB);P;21.06.2019;173347;173347;OK
RLCZ;125706;668931;3;Corporates;C;25.06.2020;668931;668931;OK
RLRS;142253;946044;3;Corporates;P;12.12.2022;946044;946044;OK
TLSK;139133;1791743;3;Corporates;P;18.05.2022;1791743;1791743;OK
RLBG;102666;314406;3;Corporates;C;26.07.2017;314406;314406;OK
RBRO;142435;66031;3;Corporates;P;21.12.2022;66031;66031;OK
RLRU;118490;1365162;3;Corporates;C;18.07.2019;1365162;1365162;OK
RLBY1;133032;1550083;6;Small Medium Business (SMB);C;29.06.2021;1550083;1550083;OK
ILSK;134678;1064715;6;Small Medium Business (SMB);C;24.09.2021;1064715;1064715;OK
RLRO;119072;933612;6;Small Medium Business (SMB);C;21.08.2019;933612;933612;OK
RLBG;102665;157089;3;Corporates;C;26.07.2017;157089;157089;OK
RLRO;114672;1328249;6;Small Medium Business (SMB);C;14.12.2018;1328249;1328249;OK
TLSK;130824;1810632;3;Corporates;P;25.02.2021;1810632;1810632;OK
RLRS;141262;748772;6;Small Medium Business (SMB);P;30.09.2022;748772;748772;OK
TBSK;123450;1050901;6;Small Medium Business (SMB);P;09.03.2020;1050901;1050901;OK
TBSK;137972;680460;3;Corporates;C;10.03.2022;680460;680460;OK
RLBH;111110;792308;6;Small Medium Business (SMB);C;25.06.2018;792308;792308;OK
RLBY1;138216;1615370;6;Small Medium Business (SMB);P;28.03.2022;1615370;1615370;OK
RPL;120850;535543;3;Corporates;P;25.11.2019;535543;535543;OK
RLRS;112172;1250448;6;Small Medium Business (SMB);C;29.08.2018;1250448;1250448;OK
TBSK;125670;1505588;6;Small Medium Business (SMB);P;24.06.2020;1505588;1505588;OK
RBBY;86063;536175;6;Small Medium Business (SMB);C;15.02.2016;536175;536175;OK
RBRO;114851;652745;6;Small Medium Business (SMB);C;24.12.2018;652745;652745;OK
ILSK;134673;1428193;6;Small Medium Business (SMB);C;24.09.2021;1428193;1428193;OK
RBRO;116330;304110;6;Small Medium Business (SMB);P;22.03.2019;304110;304110;OK
RLRO;101866;465664;6;Small Medium Business (SMB);C;30.06.2017;465664;465664;OK
TLSK;101606;303153;6;Small Medium Business (SMB);P;27.06.2017;303153;303153;OK
RBI;91341;149445;3;Corporates;C;04.08.2016;149445;149445;OK
RLRS;104326;650054;6;Small Medium Business (SMB);C;29.09.2017;650054;650054;OK
RLHR;125992;120106;6;Small Medium Business (SMB);C;09.07.2020;120106;120106;OK
ILSK;134686;1040550;3;Corporates;C;24.09.2021;1040550;1040550;OK
TBSK;122392;1201298;4;Government-Owned Commercial Undertaking;P;30.01.2020;1201298;1201298;OK
RBI;86683;156826;3;Corporates;C;04.03.2016;156826;156826;OK
RLRO;125548;721021;6;Small Medium Business (SMB);C;16.06.2020;721021;721021;OK
RLHR;110889;535667;3;Corporates;C;12.06.2018;535667;535667;OK
CASRS;140342;130353;3;Corporates;P;01.04.2022;130353;130353;OK
RLCZ;140334;1959578;6;Small Medium Business (SMB);P;01.08.2022;1959578;1959578;OK
CASRS;141258;664483;6;Small Medium Business (SMB);P;30.09.2022;664483;664483;OK
RBCZ;123990;1504502;3;Corporates;P;27.03.2020;1504502;1504502;OK
RLCZ;128762;1335983;3;Corporates;C;19.11.2020;1335983;1335983;OK
RLBH;103686;128241;3;Corporates;C;31.08.2017;128241;128241;OK
RBRO;89561;677805;3;Corporates;P;07.06.2016;677805;677805;OK
RBKO;141795;947669;6;Small Medium Business (SMB);P;07.11.2022;947669;947669;OK
RBAL;108246;176189;6;Small Medium Business (SMB);P;30.01.2018;176189;176189;OK
RBSI;89421;487084;3;Corporates;C;02.06.2016;;;ERROR
RLGMBH;106285;205090;3;Corporates;C;30.11.2017;;;ERROR
RBAL;128950;156573;3;Corporates;P;26.11.2020;;;ERROR
ILSK;134679;806980;6;Small Medium Business (SMB);C;24.09.2021;;;ERROR
RBI;87121;184263;3;Corporates;C;18.03.2016;184263;184263;OK
RLRS;131132;119235;3;Corporates;P;12.03.2021;119235;119235;OK
RLHR;114638;108188;3;Corporates;C;13.12.2018;108188;108188;OK
RLHR;132674;1514778;3;Corporates;P;18.06.2021;1514778;1514778;OK
ILSK;134682;504085;6;Small Medium Business (SMB);C;24.09.2021;504085;504085;OK
RBCZ;125996;204362;3;Corporates;P;09.07.2020;204362;204362;OK
RBI;101985;204456;3;Corporates;C;05.07.2017;204456;204456;OK
RLAL;137437;177868;3;Corporates;P;31.01.2022;177868;177868;OK
RLBY1;122212;469220;;;C;21.01.2020;469220;469220;OK
RLCZ;122192;648014;6;Small Medium Business (SMB);C;20.01.2020;648014;648014;OK
RLBY1;93082;585053;3;Corporates;C;05.10.2016;585053;585053;OK
ILSK;137413;467049;3;Corporates;C;28.01.2022;467049;467049;OK
RBHR;115332;108556;3;Corporates;P;25.01.2019;108556;108556;OK
RLBH;135731;517336;3;Corporates;P;28.10.2021;517336;517336;OK
TBSK;137032;1601150;6;Small Medium Business (SMB);C;04.01.2022;1601150;1601150;OK
ILSK;134683;1636934;6;Small Medium Business (SMB);C;24.09.2021;1636934;1636934;OK
RBAL;128970;551798;3;Corporates;P;26.11.2020;551798;551798;OK
ILSK;134690;518070;6;Small Medium Business (SMB);C;24.09.2021;518070;518070;OK
RLRO;140896;1930703;6;Small Medium Business (SMB);P;05.09.2022;1930703;1930703;OK
RLRS;141035;676544;6;Small Medium Business (SMB);P;16.09.2022;676544;676544;OK
RLHR;129470;1215139;6;Small Medium Business (SMB);C;10.12.2020;1215139;1215139;OK
RBHR;98405;107519;4;Government-Owned Commercial Undertaking;C;31.03.2017;107519;107519;OK
RLBG;134850;1566248;3;Corporates;P;29.09.2021;1566248;1566248;OK
RLBG;138879;517671;3;Corporates;P;04.05.2022;517671;517671;OK
RLHR;98385;124940;3;Corporates;C;31.03.2017;124940;124940;OK
RBRS;113770;165537;6;Small Medium Business (SMB);C;06.11.2018;165537;165537;OK
RLRO;138178;247121;6;Small Medium Business (SMB);P;24.03.2022;247121;247121;OK
RBAL;128913;851905;6;Small Medium Business (SMB);P;25.11.2020;851905;851905;OK
RLHR;98366;116810;3;Corporates;C;31.03.2017;116810;116810;OK
TBSK;97245;719795;6;Small Medium Business (SMB);C;20.02.2017;719795;719795;OK
RLHR;130822;921803;6;Small Medium Business (SMB);C;25.02.2021;921803;921803;OK
RBAL;124973;604353;6;Small Medium Business (SMB);C;26.05.2020;604353;604353;OK
RLRS;131891;1520192;6;Small Medium Business (SMB);P;26.04.2021;1520192;1520192;OK
TLSK;136332;1310269;6;Small Medium Business (SMB);C;26.11.2021;1310269;1310269;OK
RLBY1;126290;904337;6;Small Medium Business (SMB);C;28.07.2020;904337;904337;OK
RLRO;128630;134868;6;Small Medium Business (SMB);P;17.11.2020;134868;134868;OK
RLRS;130010;175015;6;Small Medium Business (SMB);P;30.12.2020;175015;175015;OK
RBBH;135994;1268946;6;Small Medium Business (SMB);P;09.11.2021;1268946;1268946;OK
RLBH;130990;934071;6;Small Medium Business (SMB);P;05.03.2021;934071;934071;OK
RLBY1;140092;1607998;6;Small Medium Business (SMB);P;19.07.2022;1607998;1607998;OK
RLBH;123510;127566;3;Corporates;C;11.03.2020;127566;127566;OK
RBAL;128914;131256;3;Corporates;P;25.11.2020;131256;131256;OK
TBSK;111271;794541;6;Small Medium Business (SMB);C;04.07.2018;794541;794541;OK
TLSK;119910;1223833;3;Corporates;P;26.09.2019;1223833;1223833;OK
RBBH;127271;876635;6;Small Medium Business (SMB);P;08.09.2020;876635;876635;OK
RLBH;132910;127511;3;Corporates;C;24.06.2021;127511;127511;OK
RBI;141194;221608;3;Corporates;P;27.09.2022;221608;221608;OK
TLSK;139377;1969834;6;Small Medium Business (SMB);P;31.05.2022;1969834;1969834;OK
RBCZ;131351;1402867;6;Small Medium Business (SMB);P;26.03.2021;1402867;1402867;OK
TBSK;130670;798234;3;Corporates;P;17.02.2021;798234;798234;OK
RZBA;97145;3930;3;Corporates;C;17.02.2017;3930;3930;OK
RBBY;95488;592561;3;Corporates;P;16.12.2016;592561;592561;OK
RBRS;127950;1590943;6;Small Medium Business (SMB);P;09.10.2020;1590943;1590943;OK
RBI;99265;739692;3;Corporates;P;27.04.2017;;;ERROR
CASRS;140341;2157205;3;Corporates;P;01.04.2022;;;ERROR
RLHR;101366;493172;3;Corporates;C;21.06.2017;;;ERROR
RBHR;113612;493172;3;Corporates;C;31.10.2018;;;ERROR
RLRU;140312;1779028;3;Corporates;P;29.07.2022;1779028;1779028;OK
RPL;95185;110737;3;Corporates;C;02.12.2016;110737;110737;OK
RLBH;135190;1363353;6;Small Medium Business (SMB);P;05.10.2021;1363353;1363353;OK
RLRS;107305;769810;6;Small Medium Business (SMB);C;25.12.2017;769810;769810;OK
RBAL;140695;605381;3;Corporates;P;23.08.2022;605381;605381;OK
RBRO;139276;1933547;6;Small Medium Business (SMB);P;26.05.2022;1933547;1933547;OK
RLRS;141261;786499;6;Small Medium Business (SMB);P;30.09.2022;786499;786499;OK
TBSK;123890;497073;6;Small Medium Business (SMB);P;25.03.2020;497073;497073;OK
RLBY1;140395;1498993;6;Small Medium Business (SMB);C;03.08.2022;1498993;1498993;OK
RLBY1;86664;560687;6;Small Medium Business (SMB);C;03.03.2016;560687;560687;OK
RLBH;130790;1628208;3;Corporates;C;23.02.2021;1628208;1628208;OK
RBRO;125870;928383;6;Small Medium Business (SMB);C;02.07.2020;928383;928383;OK
TLSK;138793;1224886;6;Small Medium Business (SMB);P;28.04.2022;1224886;1224886;OK
RLCZ;140782;1312708;6;Small Medium Business (SMB);P;30.08.2022;1312708;1312708;OK
TLSK;105646;122733;3;Corporates;P;15.11.2017;122733;122733;OK
RLHR;138994;1030981;6;Small Medium Business (SMB);P;11.05.2022;1030981;1030981;OK
RBRO;133033;705362;3;Corporates;C;29.06.2021;705362;705362;OK
RBRS;129017;513577;3;Corporates;P;27.11.2020;513577;513577;OK
RLRO;131450;926608;6;Small Medium Business (SMB);P;30.03.2021;926608;926608;OK
TLSK;130890;680460;3;Corporates;C;02.03.2021;680460;680460;OK
RBRS;122290;1558909;6;Small Medium Business (SMB);P;27.01.2020;1558909;1558909;OK
RBRO;110005;844773;6;Small Medium Business (SMB);C;13.04.2018;844773;844773;OK
TLSK;142175;1905748;6;Small Medium Business (SMB);P;06.12.2022;1905748;1905748;OK
TLSK;130610;1826618;6;Small Medium Business (SMB);P;10.02.2021;1826618;1826618;OK
TLSK;130821;100619;3;Corporates;P;25.02.2021;100619;100619;OK
RLGMBH;113350;191268;3;Corporates;C;24.10.2018;191268;191268;OK
RLRO;100406;806177;6;Small Medium Business (SMB);C;25.05.2017;806177;806177;OK
RLRS;142499;2152441;3;Corporates;P;27.12.2022;2152441;2152441;OK
RBRS;142516;2152441;3;Corporates;P;28.12.2022;2152441;2152441;OK
RBRO;89381;677803;3;Corporates;P;31.05.2016;677803;677803;OK
RLRS;141263;955075;6;Small Medium Business (SMB);P;30.09.2022;955075;955075;OK
RLKO;131930;1254552;6;Small Medium Business (SMB);C;27.04.2021;1254552;1254552;OK
RLBH;127230;1043822;6;Small Medium Business (SMB);C;04.09.2020;1043822;1043822;OK
RLHR;139214;452776;3;Corporates;P;23.05.2022;452776;452776;OK
ILSK;134676;1321721;3;Corporates;C;24.09.2021;1321721;1321721;OK
RLCZ;134681;848592;6;Small Medium Business (SMB);P;24.09.2021;848592;848592;OK
RBHR;125392;128326;6;Small Medium Business (SMB);C;10.06.2020;128326;128326;OK
RLBG;88921;135439;3;Corporates;P;18.05.2016;135439;135439;OK
RLCZ;119310;648993;3;Corporates;P;31.10.2018;648993;648993;OK
RLBY1;94203;878587;6;Small Medium Business (SMB);C;31.10.2016;878587;878587;OK
TBSK;107208;78870;3;Corporates;C;22.12.2017;78870;78870;OK
RLBG;86603;190676;3;Corporates;C;02.03.2016;190676;190676;OK
RBBH;107746;322735;6;Small Medium Business (SMB);C;08.01.2018;322735;322735;OK
RLHR;101526;534994;3;Corporates;C;26.06.2017;;;ERROR
RBRS;128770;706660;3;Corporates;P;20.11.2020;706660;706660;OK
RLHR;98386;132770;3;Corporates;C;31.03.2017;132770;132770;OK
TBSK;122391;91125;6;Small Medium Business (SMB);C;30.01.2020;91125;91125;OK
RLRO;87402;710784;6;Small Medium Business (SMB);C;31.03.2016;710784;710784;OK
RLHR;140373;108730;3;Corporates;P;02.08.2022;108730;108730;OK
RLBH;119332;1043400;3;Corporates;C;30.08.2019;1043400;1043400;OK
CASRS;142272;946044;3;Corporates;P;13.12.2022;946044;946044;OK
RLHR;107586;142190;3;Corporates;C;29.12.2017;142190;142190;OK
RLHR;128650;1228759;3;Corporates;P;17.11.2020;1228759;1228759;OK
RPL;122030;195361;3;Corporates;C;10.01.2020;195361;195361;OK
RBAL;132090;1056491;3;Corporates;P;07.05.2021;1056491;1056491;OK
RLCZ;138652;1633086;3;Corporates;P;22.04.2022;1633086;1633086;OK
RLRO;127812;331739;6;Small Medium Business (SMB);C;01.10.2020;331739;331739;OK
RLCZ;136011;600156;3;Corporates;P;10.11.2021;600156;600156;OK
RBBY;102885;309569;3;Corporates;P;31.07.2017;309569;309569;OK
RLBH;117610;127581;3;Corporates;C;28.05.2019;127581;127581;OK
RBI;89661;677810;3;Corporates;C;10.06.2016;677810;677810;OK
RBRO;136176;151329;6;Small Medium Business (SMB);P;19.11.2021;151329;151329;OK
RLBG;121390;730383;6;Small Medium Business (SMB);P;13.12.2019;730383;730383;OK
RLBH;125933;868204;3;Corporates;C;06.07.2020;868204;868204;OK
ILSK;134692;90385;6;Small Medium Business (SMB);C;24.09.2021;90385;90385;OK
TLSK;88364;804919;3;Corporates;C;27.04.2016;804919;804919;OK
RLRO;110829;796330;3;Corporates;P;06.06.2018;796330;796330;OK
RLHR;114573;881024;3;Corporates;C;11.12.2018;881024;881024;OK
RLBY1;139554;1461841;3;Corporates;P;15.06.2022;1461841;1461841;OK
TLSK;134970;388622;3;Corporates;P;29.09.2021;388622;388622;OK
RBAL;91302;130241;3;Corporates;C;01.08.2016;130241;130241;OK
RLRO;89401;677803;3;Corporates;C;01.06.2016;677803;677803;OK
RLBH;131895;875831;3;Corporates;C;26.04.2021;875831;875831;OK
RLBH;113730;944068;6;Small Medium Business (SMB);C;05.11.2018;944068;944068;OK
RLHR;98387;125693;3;Corporates;C;31.03.2017;125693;125693;OK
TLSK;128930;1428193;6;Small Medium Business (SMB);P;25.11.2020;1428193;1428193;OK
RLBH;89161;737522;3;Corporates;C;25.05.2016;737522;737522;OK
RLUA;94844;956387;6;Small Medium Business (SMB);C;22.11.2016;956387;956387;OK
TBSK;120531;1503696;6;Small Medium Business (SMB);P;04.11.2019;1503696;1503696;OK
TBSK;137011;1611542;6;Small Medium Business (SMB);P;03.01.2022;1611542;1611542;OK
RLHR;131133;952863;3;Corporates;C;12.03.2021;952863;952863;OK
TBSK;122394;716936;6;Small Medium Business (SMB);P;30.01.2020;716936;716936;OK
TBSK;121470;871344;3;Corporates;C;16.12.2019;871344;871344;OK
RLHR;136774;128329;6;Small Medium Business (SMB);P;20.12.2021;128329;128329;OK
RLBG;119971;592372;6;Small Medium Business (SMB);P;30.09.2019;592372;592372;OK
RBRS;141033;1347410;6;Small Medium Business (SMB);P;16.09.2022;1347410;1347410;OK
RBI;104365;796031;;;C;29.09.2017;796031;796031;OK
ILSK;134688;1063445;6;Small Medium Business (SMB);C;24.09.2021;1063445;1063445;OK
ILSK;134685;1226542;6;Small Medium Business (SMB);C;24.09.2021;1226542;1226542;OK
RBCZ;107205;78870;3;Corporates;C;22.12.2017;78870;78870;OK
TLSK;129650;1349290;6;Small Medium Business (SMB);P;16.12.2020;1349290;1349290;OK
RLHR;140374;137490;3;Corporates;P;02.08.2022;137490;137490;OK
TLSK;134830;1360044;6;Small Medium Business (SMB);P;28.09.2021;1360044;1360044;OK
RLPL;85141;162665;;;C;13.01.2016;;;ERROR
CASRS;140343;2150087;3;Corporates;P;01.04.2022;;;ERROR
CASRS;140339;1791503;3;Corporates;P;01.04.2022;;;ERROR
RBI;139375;164642;11;Banks;P;31.05.2022;164642;164642;OK
RBI;100245;167398;;;C;23.05.2017;167398;167398;OK
RLRO;97249;733913;3;Corporates;C;20.02.2017;733913;733913;OK
RBRO;142433;66029;3;Corporates;P;21.12.2022;66029;66029;OK
RBRO;142434;497943;3;Corporates;P;21.12.2022;497943;497943;OK
RLBY1;86921;676139;6;Small Medium Business (SMB);C;14.03.2016;676139;676139;OK
RLRO;129611;1361624;6;Small Medium Business (SMB);P;15.12.2020;1361624;1361624;OK
TBSK;136352;1905910;6;Small Medium Business (SMB);P;29.11.2021;1905910;1905910;OK
ILSK;134684;1398159;6;Small Medium Business (SMB);C;24.09.2021;1398159;1398159;OK
TLSK;93990;751945;6;Small Medium Business (SMB);C;25.10.2016;751945;751945;OK
TLSK;138778;467049;3;Corporates;P;28.04.2022;467049;467049;OK
TBSK;107207;1225000;3;Corporates;C;22.12.2017;1225000;1225000;OK
RBCZ;107406;1225000;3;Corporates;C;27.12.2017;1225000;1225000;OK
RBRO;120532;1038103;6;Small Medium Business (SMB);C;04.11.2019;1038103;1038103;OK
RLBG;96645;223124;6;Small Medium Business (SMB);C;30.01.2017;223124;223124;OK
RLRU;119892;1461797;3;Corporates;P;26.09.2019;1461797;1461797;OK
RBRO;89581;209331;3;Corporates;P;07.06.2016;209331;209331;OK
RLHR;98388;28482;3;Corporates;C;31.03.2017;28482;28482;OK
TLSK;130691;155326;3;Corporates;P;17.02.2021;155326;155326;OK
ILSK;134674;155326;3;Corporates;C;24.09.2021;155326;155326;OK
RBAL;128972;693432;3;Corporates;C;26.11.2020;693432;693432;OK
TBSK;124094;1393954;6;Small Medium Business (SMB);P;06.04.2020;1393954;1393954;OK
RLHR;88322;108085;3;Corporates;C;28.04.2016;108085;108085;OK
RLKO;134591;164836;6;Small Medium Business (SMB);P;21.09.2021;164836;164836;OK
RBCZ;141975;807434;3;Corporates;P;23.11.2022;807434;807434;OK
RLRU;128893;1363199;3;Corporates;P;24.11.2020;1363199;1363199;OK
TBSK;108765;523659;3;Corporates;P;21.02.2018;523659;523659;OK
RBBY;85204;325264;3;Corporates;P;15.01.2016;325264;325264;OK
RLHR;101647;108951;3;Corporates;C;28.06.2017;108951;108951;OK
TBSK;104245;934825;6;Small Medium Business (SMB);C;28.09.2017;934825;934825;OK
RLBG;94321;467026;6;Small Medium Business (SMB);P;04.11.2016;467026;467026;OK
RLBY1;88022;319918;;;C;22.04.2016;319918;319918;OK
RLHR;117113;142800;39;Associations;P;02.05.2019;142800;142800;OK
RBCZ;118770;689152;3;Corporates;P;22.07.2019;689152;689152;OK
RBI;138635;22265;11;Banks;P;21.04.2022;22265;22265;OK
CASRS;141257;175015;6;Small Medium Business (SMB);P;30.09.2022;175015;175015;OK
RLHR;102025;116944;6;Small Medium Business (SMB);C;06.07.2017;116944;116944;OK
RPL;120851;623895;3;Corporates;P;25.11.2019;623895;623895;OK
RLBH;109886;223305;3;Corporates;C;04.04.2018;223305;223305;OK
ILSK;134691;206253;3;Corporates;C;24.09.2021;206253;206253;OK
RBCZ;138661;1914548;6;Small Medium Business (SMB);P;01.01.2022;1914548;1914548;OK
RLRO;92141;196559;6;Small Medium Business (SMB);C;01.09.2016;196559;196559;OK
RLRS;141260;682690;3;Corporates;P;30.09.2022;682690;682690;OK
RLHR;105505;1049564;3;Corporates;C;13.11.2017;1049564;1049564;OK
RLCZ;126371;789173;3;Corporates;P;27.08.2019;789173;789173;OK
TLSK;137397;1051657;3;Corporates;P;27.01.2022;1051657;1051657;OK
RLRS;121792;1035552;3;Corporates;P;26.12.2019;1035552;1035552;OK
RLBH;123931;1204934;6;Small Medium Business (SMB);C;26.03.2020;1204934;1204934;OK
TBSK;137031;764901;3;Corporates;C;04.01.2022;764901;764901;OK
TLSK;106985;661882;6;Small Medium Business (SMB);C;19.12.2017;661882;661882;OK
RLPL;94322;432101;;;C;04.11.2016;;;ERROR
TLSK;96286;522196;;;C;12.01.2017;;;ERROR
RLRO;125230;716912;3;Corporates;C;02.06.2020;;;ERROR
RBRO;121952;933437;6;Small Medium Business (SMB);P;06.01.2020;933437;933437;OK
RLRS;139576;1541564;6;Small Medium Business (SMB);P;16.06.2022;1541564;1541564;OK
RLRS;113671;1031766;6;Small Medium Business (SMB);P;01.11.2018;1031766;1031766;OK
RLRO;114271;508153;3;Corporates;P;28.11.2018;508153;508153;OK
RLBH;95786;555875;3;Corporates;C;22.12.2016;555875;555875;OK
RLBH;116571;882690;6;Small Medium Business (SMB);P;02.04.2019;882690;882690;OK
RLBH;105585;169209;6;Small Medium Business (SMB);C;14.11.2017;169209;169209;OK
RLRO;127650;1574160;6;Small Medium Business (SMB);C;25.09.2020;1574160;1574160;OK
RBRO;114770;511417;3;Corporates;P;19.12.2018;511417;511417;OK
RLBG;123010;94459;3;Corporates;C;26.02.2020;94459;94459;OK
RLRO;113891;933474;6;Small Medium Business (SMB);C;13.11.2018;933474;933474;OK
TBSK;134730;1318965;6;Small Medium Business (SMB);P;27.09.2021;1318965;1318965;OK
RLHR;110827;154531;3;Corporates;C;06.06.2018;154531;154531;OK
RBHR;102246;109463;3;Corporates;C;14.07.2017;109463;109463;OK
RLBH;123650;935801;6;Small Medium Business (SMB);P;18.03.2020;935801;935801;OK
RBAL;124316;1218841;3;Corporates;P;21.04.2020;1218841;1218841;OK
RLHR;88321;108080;3;Corporates;C;28.04.2016;108080;108080;OK
TLSK;114292;100661;3;Corporates;P;29.11.2018;100661;100661;OK
RLBY1;90281;179243;3;Corporates;C;29.06.2016;179243;179243;OK
RLRS;126132;284627;6;Small Medium Business (SMB);P;20.07.2020;284627;284627;OK
RLBH;120491;701448;6;Small Medium Business (SMB);C;31.10.2019;701448;701448;OK
RLHR;121675;108940;3;Corporates;P;20.12.2019;108940;108940;OK
RLCZ;125791;589346;3;Corporates;C;29.06.2020;589346;589346;OK
RLBG;98765;531690;3;Corporates;C;11.04.2017;531690;531690;OK
RBBG;141533;298873;6;Small Medium Business (SMB);P;17.10.2022;298873;298873;OK
RLBG;135591;1524096;18;Specialised Lending Project (excl. Commodity);P;25.10.2021;1524096;1524096;OK
TBSK;128111;1360704;3;Corporates;P;20.10.2020;1360704;1360704;OK
RBRO;115451;807269;6;Small Medium Business (SMB);P;31.01.2019;807269;807269;OK
RLRO;113872;773972;6;Small Medium Business (SMB);C;13.11.2018;773972;773972;OK
RBRO;142432;41066;3;Corporates;P;21.12.2022;41066;41066;OK
TLSK;135151;310552;6;Small Medium Business (SMB);C;04.10.2021;310552;310552;OK
RLHR;131972;438772;6;Small Medium Business (SMB);P;29.04.2021;438772;438772;OK
RLRS;142337;1811557;3;Corporates;P;15.12.2022;1811557;1811557;OK
RLRS;132310;135907;6;Small Medium Business (SMB);P;24.05.2021;135907;135907;OK
RLRO;121676;923058;6;Small Medium Business (SMB);C;20.12.2019;923058;923058;OK
RBRO;136831;928918;6;Small Medium Business (SMB);P;22.12.2021;928918;928918;OK
RLHR;132131;128296;6;Small Medium Business (SMB);P;10.05.2021;128296;128296;OK
RLHR;141695;212758;3;Corporates;P;27.10.2022;212758;212758;OK
RBI;86682;190676;3;Corporates;C;04.03.2016;190676;190676;OK
RLHR;129851;1358535;3;Corporates;C;23.12.2020;1358535;1358535;OK
RLHR;117891;550299;3;Corporates;C;12.06.2019;550299;550299;OK
RLCZ;128976;485647;3;Corporates;C;26.11.2020;485647;485647;OK
TLSK;112671;526835;6;Small Medium Business (SMB);C;27.09.2018;526835;526835;OK
RLPL;86625;331613;;;C;02.03.2016;;;ERROR
RBCZ;102205;14690;11;Banks;C;13.07.2017;;;ERROR
RLPL;93021;78860;;;C;04.10.2016;;;ERROR
