unit_code;cocunut;tiger_asset_class_id;min_exposure;min_co_exposure_threshold;min_turnover;min_turnover_threshold
AKCENT;1523165;6;9439;1500000;6670000;5000000
AVAL;205738;6;176573;915000;3540000;2441000
AVAL;1426731;6;11553;915000;5620000;2441000
AVAL;739053;6;288492;915000;2640000;2441000
AVAL;1987554;6;160607;915000;2460000;2441000
AVAL;216922;6;402813;915000;2470000;2441000
AVAL;591991;6;12964;915000;2520000;2441000
AVAL;794052;6;2554;915000;5120000;2441000
AVAL;752878;6;5;915000;3140000;2441000
AVAL;1555833;6;1139;915000;3110000;2441000
AVAL;1205440;6;23187;915000;2980000;2441000
AVAL;1023888;6;292285;915000;4140000;2441000
AVAL;668534;6;2567;915000;2590000;2441000
AVAL;217420;6;64183;915000;4620000;2441000
AVAL;1226556;6;49;915000;4540000;2441000
AVAL;2028683;6;9315;915000;3090000;2441000
AVAL;221397;6;262624;915000;2610000;2441000
AVAL;463439;6;1736983;915000;3800000;2441000
AVAL;2030054;6;793107;915000;4860000;2441000
AVAL;1628306;6;102043;915000;4470000;2441000
AVAL;1627905;6;3;915000;2940000;2441000
AVAL;1530499;6;0;915000;2620000;2441000
AVAL;1331817;6;14;915000;5520000;2441000
AVAL;2016844;6;383013;915000;4510000;2441000
AVAL;1983006;6;38756;915000;3090000;2441000
AVAL;691323;6;381;915000;3270000;2441000
AVAL;217014;6;79158;915000;3190000;2441000
AVAL;2024299;6;11005;915000;2740000;2441000
AVAL;178360;6;166688;915000;4670000;2441000
AVAL;313407;6;98020;915000;4160000;2441000
AVAL;1391307;6;11;915000;3410000;2441000
AVAL;459902;6;227892;915000;3800000;2441000
AVAL;1875517;6;4;915000;3730000;2441000
AVAL;499668;6;374044;915000;2720000;2441000
AVAL;1034873;6;24;915000;3330000;2441000
AVAL;1813804;6;4;915000;3520000;2441000
AVAL;1024546;6;74931;915000;4300000;2441000
AVAL;761366;6;46938;915000;3260000;2441000
AVAL;318543;6;79386;915000;3120000;2441000
AVAL;1329723;6;31534;915000;3940000;2441000
AVAL;752262;6;403595;915000;4790000;2441000
AVAL;221465;6;143519;915000;2590000;2441000
AVAL;529065;6;205274;915000;2620000;2441000
AVAL;523368;6;25186;915000;3990000;2441000
AVAL;912088;6;16869;915000;3370000;2441000
AVAL;222540;6;112465;915000;4070000;2441000
AVAL;1813811;6;4;915000;3520000;2441000
AVAL;536394;6;405497;915000;2860000;2441000
AVAL;880577;6;9;915000;3540000;2441000
AVAL;734095;6;9;915000;2870000;2441000
AVAL;808693;6;519886;915000;3470000;2441000
AVAL;218370;6;131682;915000;3640000;2441000
AVAL;218996;6;211660;915000;2640000;2441000
AVAL;282703;6;217439;915000;3100000;2441000
AVAL;2294781;6;38767;915000;2980000;2441000
AVAL;1629395;6;641019;915000;3530000;2441000
AVAL;1997755;6;6199;915000;5460000;2441000
AVAL;1504844;6;7440;915000;8760000;2441000
AVAL;219125;6;625198;915000;2690000;2441000
AVAL;1052319;6;437444;915000;4850000;2441000
AVAL;809144;6;89856;915000;4630000;2441000
AVAL;1514433;6;79178;915000;2770000;2441000
AVAL;854042;6;190640;915000;2520000;2441000
AVAL;924191;6;300765;915000;4270000;2441000
AVAL;217440;6;755096;915000;3670000;2441000
AVAL;500612;6;284228;915000;2880000;2441000
AVAL;449271;6;102693;915000;3580000;2441000
AVAL;698950;6;227056;915000;4390000;2441000
AVAL;217801;6;241646;915000;3060000;2441000
AVAL;1254351;6;11783;915000;3260000;2441000
AVAL;763259;6;607852;915000;3820000;2441000
AVAL;668283;6;176746;915000;2590000;2441000
AVAL;782107;6;240143;915000;3210000;2441000
AVAL;292084;6;1403794;915000;3310000;2441000
AVAL;768910;6;14;915000;13890000;2441000
AVAL;483831;6;4;915000;2610000;2441000
AVAL;913403;6;164610;915000;2540000;2441000
AVAL;1571070;6;78989;915000;3100000;2441000
AVAL;1495497;6;144;915000;2720000;2441000
AVAL;1990482;6;135252;915000;3220000;2441000
AVAL;271958;6;256733;915000;4160000;2441000
AVAL;1408214;6;64622;915000;3220000;2441000
AVAL;1024137;6;137505;915000;2620000;2441000
AVAL;1538170;6;15404;915000;2540000;2441000
AVAL;176590;6;10;915000;6810000;2441000
AVAL;289236;6;417225;915000;2610000;2441000
AVAL;1491315;6;218243;915000;3060000;2441000
AVAL;433238;6;30812;915000;3880000;2441000
AVAL;194794;6;827648;915000;3480000;2441000
AVAL;1530496;6;1;915000;2620000;2441000
AVAL;674222;6;6597;915000;7580000;2441000
AVAL;1564866;6;44206;915000;5300000;2441000
AVAL;1564799;6;13749;915000;3410000;2441000
AVAL;556064;6;178;915000;3300000;2441000
AVAL;809974;6;475151;915000;6070000;2441000
AVAL;476482;6;1128439;915000;2840000;2441000
AVAL;1024677;6;125283;915000;3600000;2441000
AVAL;500587;6;6;915000;2760000;2441000
AVAL;876758;6;747746;915000;3640000;2441000
AVAL;1857688;6;0;915000;2820000;2441000
AVAL;799853;6;509181;915000;2720000;2441000
AVAL;1984737;6;4193;915000;2950000;2441000
AVAL;1351961;6;69318;915000;4940000;2441000
AVAL;1039651;6;246304;915000;6210000;2441000
AVAL;299066;6;0;915000;4430000;2441000
AVAL;2057722;6;168;915000;3740000;2441000
AVAL;458664;6;529854;915000;3190000;2441000
AVAL;704604;6;548492;915000;3500000;2441000
AVAL;739465;6;67730;915000;4540000;2441000
AVAL;1901168;6;77020;915000;4540000;2441000
AVAL;750038;6;0;915000;3290000;2441000
AVAL;199141;6;428007;915000;4070000;2441000
AVAL;1906591;6;91397;915000;3990000;2441000
AVAL;1397715;6;602332;915000;3160000;2441000
AVAL;537177;6;817952;915000;2490000;2441000
AVAL;221154;6;165117;915000;3960000;2441000
AVAL;1995385;6;4;915000;5850000;2441000
AVAL;717581;6;40580;915000;4670000;2441000
AVAL;786207;6;0;915000;6170000;2441000
AVAL;329865;6;12837;915000;3260000;2441000
AVAL;1022279;6;123487;915000;3200000;2441000
AVAL;221167;6;1038923;915000;3500000;2441000
AVAL;1598597;6;154091;915000;2770000;2441000
AVAL;1554209;6;46382;915000;2510000;2441000
AVAL;322970;6;677857;915000;3420000;2441000
AVAL;1236239;6;317784;915000;2520000;2441000
AVAL;322285;6;268302;915000;4130000;2441000
AVAL;1564862;6;19437;915000;2840000;2441000
AVAL;598041;6;47921;915000;2810000;2441000
AVAL;1971985;6;11421;915000;3280000;2441000
AVAL;808786;6;1336106;915000;6950000;2441000
AVAL;704333;6;234224;915000;4920000;2441000
AVAL;882379;6;205153;915000;3490000;2441000
AVAL;731335;6;54323;915000;4070000;2441000
AVAL;722910;6;178062;915000;3290000;2441000
AVAL;783208;6;265165;915000;3190000;2441000
AVAL;1829671;6;9;915000;2870000;2441000
AVAL;499630;6;61042;915000;3590000;2441000
AVAL;1913053;6;6;915000;3530000;2441000
AVAL;221333;6;864965;915000;2810000;2441000
AVAL;313864;6;63725;915000;2590000;2441000
AVAL;1820850;6;25878;915000;3100000;2441000
AVAL;1333898;6;826896;915000;2770000;2441000
AVAL;303713;6;175709;915000;2610000;2441000
AVAL;217091;6;586821;915000;3520000;2441000
AVAL;317385;6;695937;915000;4500000;2441000
AVAL;749179;6;58151;915000;3430000;2441000
AVAL;746226;6;380406;915000;3490000;2441000
AVAL;454600;6;20;915000;2450000;2441000
AVAL;218890;6;663033;915000;2930000;2441000
AVAL;1225106;6;18;915000;2830000;2441000
AVAL;1501025;6;579579;915000;2680000;2441000
AVAL;523644;6;21389;915000;70360000;2441000
AVAL;1636840;6;404315;915000;4940000;2441000
AVAL;738417;6;254180;915000;3090000;2441000
AVAL;752662;6;577166;915000;4280000;2441000
AVAL;2078913;6;20466;915000;3570000;2441000
AVAL;1805827;6;22;915000;2520000;2441000
AVAL;1047962;6;67;915000;3490000;2441000
AVAL;1547845;6;1;915000;3730000;2441000
AVAL;1548217;6;0;915000;8760000;2441000
AVAL;1024685;6;8594;915000;2540000;2441000
AVAL;460719;6;124368;915000;2550000;2441000
AVAL;1627755;6;0;915000;2760000;2441000
AVAL;868703;6;308058;915000;2480000;2441000
AVAL;1566152;6;5;915000;2760000;2441000
AVAL;220180;6;249377;915000;4030000;2441000
AVAL;2092857;6;286225;915000;3000000;2441000
AVAL;282842;6;720524;915000;2570000;2441000
AVAL;217249;6;167771;915000;4150000;2441000
AVAL;721638;6;0;915000;2480000;2441000
AVAL;318510;6;536272;915000;2630000;2441000
AVAL;2023107;6;85127;915000;2760000;2441000
AVAL;1918239;6;7407;915000;4020000;2441000
AVAL;1514394;6;66782;915000;4470000;2441000
AVAL;1838081;6;4;915000;2810000;2441000
AVAL;663813;6;614381;915000;3660000;2441000
AVAL;852658;6;6;915000;3410000;2441000
AVAL;812391;6;256733;915000;3090000;2441000
AVAL;786208;6;27878;915000;6170000;2441000
AVAL;660343;6;486370;915000;3450000;2441000
AVAL;1559323;6;1325;915000;4260000;2441000
AVAL;1889159;6;64057;915000;3670000;2441000
AVAL;1979325;6;271360;915000;3330000;2441000
AVAL;1629387;6;127462;915000;3530000;2441000
AVAL;852649;6;630691;915000;3410000;2441000
AVAL;1024876;6;20539;915000;3250000;2441000
AVAL;312833;6;764806;915000;2570000;2441000
AVAL;782109;6;451845;915000;3210000;2441000
AVAL;178444;6;171690;915000;2890000;2441000
AVAL;191443;6;306157;915000;3500000;2441000
AVAL;217358;6;806910;915000;2950000;2441000
AVAL;326152;6;279449;915000;133280000;2441000
AVAL;2030048;6;276707;915000;4860000;2441000
AVAL;504886;6;4;915000;5520000;2441000
AVAL;1806614;6;17434;915000;3380000;2441000
AVAL;217412;6;822695;915000;4940000;2441000
AVAL;806359;6;234304;915000;2640000;2441000
AVAL;743355;6;41081;915000;2590000;2441000
AVAL;272106;6;489415;915000;2890000;2441000
AVAL;789559;6;533205;915000;3020000;2441000
AVAL;1056086;6;25673;915000;4980000;2441000
AVAL;801361;6;45131;915000;4670000;2441000
AVAL;222144;6;6;915000;3040000;2441000
AVAL;309433;6;894485;915000;4090000;2441000
AVAL;1984735;6;21127;915000;2950000;2441000
AVAL;176988;6;186382;915000;3400000;2441000
AVAL;219238;6;674760;915000;7070000;2441000
AVAL;2072949;6;110963;915000;2810000;2441000
AVAL;1526099;6;51741;915000;4530000;2441000
AVAL;754951;6;23;915000;3510000;2441000
AVAL;1554241;6;58527;915000;3430000;2441000
AVAL;783937;6;9;915000;3500000;2441000
AVAL;1023101;6;444609;915000;3600000;2441000
AVAL;1924332;6;51816;915000;2590000;2441000
AVAL;2020202;6;14182;915000;2760000;2441000
AVAL;912103;6;21168;915000;3050000;2441000
AVAL;1427933;6;64654;915000;2470000;2441000
AVAL;216943;6;320274;915000;2680000;2441000
AVAL;698265;6;131126;915000;4170000;2441000
AVAL;1205616;6;4;915000;3770000;2441000
AVAL;1997238;6;87038;915000;3610000;2441000
AVAL;806706;6;6;915000;2450000;2441000
AVAL;1431019;6;23106;915000;2960000;2441000
AVAL;290793;6;160764;915000;2580000;2441000
AVAL;854044;6;52964;915000;2520000;2441000
AVAL;700634;6;277934;915000;3330000;2441000
AVAL;268569;6;10;915000;3280000;2441000
AVAL;1820854;6;28315;915000;3100000;2441000
AVAL;854043;6;344232;915000;2520000;2441000
AVAL;335888;6;5001;915000;4670000;2441000
AVAL;746721;6;63;915000;3670000;2441000
AVAL;1048906;6;359508;915000;4600000;2441000
AVAL;295756;6;610540;915000;3140000;2441000
AVAL;1535159;6;781964;915000;3340000;2441000
AVAL;912372;6;88271;915000;3860000;2441000
AVAL;1985683;6;3081;915000;70360000;2441000
AVAL;217487;6;8808;915000;3980000;2441000
AVAL;556863;6;751275;915000;3430000;2441000
AVAL;787904;6;199256;915000;3170000;2441000
AVAL;754744;6;489366;915000;2870000;2441000
AVAL;221342;6;433787;915000;2840000;2441000
AVAL;735667;6;950810;915000;4500000;2441000
AVAL;2032538;6;4631;915000;2610000;2441000
AVAL;665599;6;285017;915000;2560000;2441000
AVAL;1926319;6;125217;915000;2470000;2441000
AVAL;559670;6;57812;915000;2490000;2441000
AVAL;323014;6;25686;915000;2800000;2441000
AVAL;761367;6;206721;915000;3260000;2441000
AVAL;405774;6;2123589;915000;4700000;2441000
AVAL;1329735;6;116835;915000;5230000;2441000
AVAL;1822099;6;8832;915000;2510000;2441000
AVAL;1491550;6;19832;915000;3770000;2441000
AVAL;1903022;6;79343;915000;3430000;2441000
AVAL;1599030;6;3;915000;2770000;2441000
AVAL;499624;6;816059;915000;3610000;2441000
AVAL;1254349;6;51386;915000;3260000;2441000
AVAL;1891439;6;76573;915000;11880000;2441000
AVAL;1884928;6;4;915000;2640000;2441000
AVAL;297510;6;46334;915000;3440000;2441000
AVAL;1974922;6;191183;915000;2920000;2441000
AVAL;218395;6;241278;915000;2520000;2441000
AVAL;887724;6;72;915000;2760000;2441000
AVAL;218972;6;1340;915000;3920000;2441000
AVAL;490993;6;8986;915000;2620000;2441000
AVAL;1901823;6;25809;915000;3160000;2441000
AVAL;1522065;6;62373;915000;4440000;2441000
AVAL;178375;6;999025;915000;4460000;2441000
AVAL;219506;6;163028;915000;4040000;2441000
AVAL;953843;6;0;915000;2490000;2441000
AVAL;268774;6;234798;915000;2900000;2441000
AVAL;943995;6;4847;915000;4430000;2441000
AVAL;1813809;6;24;915000;2690000;2441000
AVAL;218375;6;276851;915000;2580000;2441000
AVAL;219117;6;27758;915000;3930000;2441000
AVAL;923251;6;81447;915000;2770000;2441000
AVAL;1609964;6;30947;915000;3280000;2441000
AVAL;2023100;6;0;915000;2760000;2441000
AVAL;733131;6;10285;915000;2590000;2441000
AVAL;719333;6;168270;915000;2880000;2441000
AVAL;1393583;6;145797;915000;3750000;2441000
AVAL;1610592;6;1;915000;2820000;2441000
AVAL;216626;6;598176;915000;4480000;2441000
AVAL;215757;6;39734;915000;3290000;2441000
AVAL;2029449;6;41782;915000;2890000;2441000
AVAL;697178;6;161320;915000;2790000;2441000
AVAL;1038406;6;419602;915000;3150000;2441000
AVAL;218366;6;958305;915000;2580000;2441000
AVAL;1020689;6;65;915000;2470000;2441000
CASRS;1629560;6;22039;1500000;5220000;5000000
CASRS;947102;6;1;1500000;5540000;5000000
CASRS;2091628;6;5128;1500000;1894340000;5000000
CASRS;1629097;6;501015;1500000;6200000;5000000
CASRS;2161921;6;162114;1500000;5210000;5000000
CASRS;1029333;6;23039;1500000;13490000;5000000
RBAL;1641018;6;4;1642000;6210000;5467000
RBAL;1257508;6;1086725;1642000;6210000;5467000
RBAL;1551179;6;616541;1642000;8110000;5467000
RBAL;1036505;6;234;1642000;6540000;5467000
RBAL;1332095;6;240185;1642000;6270000;5467000
RBBH;781041;6;94865;1498000;3260000;2495000
RBBH;175947;6;132649;1498000;3040000;2495000
RBBH;167477;6;191422;1498000;2590000;2495000
RBBH;767718;6;30678;1498000;2780000;2495000
RBBH;1599079;6;285824;1498000;2520000;2495000
RBBH;1350107;6;175377;1498000;3240000;2495000
RBBH;1269056;6;75552;1498000;2960000;2495000
RBBH;2078070;6;113173;1498000;2610000;2495000
RBBH;1241136;6;104815;1498000;3970000;2495000
RBBH;1622870;6;52663;1498000;2520000;2495000
RBBH;956182;6;159523;1498000;3700000;2495000
RBBH;881682;6;333896;1498000;2620000;2495000
RBBH;1346797;6;51276;1498000;2770000;2495000
RBBH;934780;6;58618;1498000;2580000;2495000
RBBH;922000;6;158721;1498000;3040000;2495000
RBBH;1201272;6;199450;1498000;2790000;2495000
RBBH;165890;6;40608;1498000;2700000;2495000
RBBH;1522196;6;10124;1498000;4350000;2495000
RBBH;935587;6;613562;1498000;3070000;2495000
RBBH;345584;6;53102;1498000;3440000;2495000
RBBH;2257555;6;257179;1498000;2690000;2495000
RBBH;539650;6;2562;1498000;2590000;2495000
RBBH;921624;6;221712;1498000;2790000;2495000
RBBH;1063209;6;53686;1498000;2570000;2495000
RBBH;954273;6;274125;1498000;2510000;2495000
RBBH;476088;6;313109;1498000;2830000;2495000
RBBH;1515463;6;102258;1498000;2550000;2495000
RBBH;528763;6;28121;1498000;3190000;2495000
RBBH;169117;6;5113;1498000;4980000;2495000
RBBH;174066;6;154452;1498000;2980000;2495000
RBBH;281110;6;471977;1498000;2960000;2495000
RBBH;591731;6;270585;1498000;2750000;2495000
RBBH;538169;6;255656;1498000;6220000;2495000
RBBH;436237;6;5113;1498000;2570000;2495000
RBBH;667256;6;102856;1498000;3420000;2495000
RBBH;187001;6;4;1498000;2970000;2495000
RBBH;1639522;6;183402;1498000;3440000;2495000
RBBH;659349;6;195261;1498000;3110000;2495000
RBBH;921978;6;282892;1498000;2700000;2495000
RBBH;2068325;6;299693;1498000;3770000;2495000
RBBH;1627756;6;9;1498000;2790000;2495000
RBBH;672604;6;467536;1498000;2550000;2495000
RBBH;1990419;6;129492;1498000;3070000;2495000
RBBH;1392465;6;30678;1498000;2590000;2495000
RBBH;128089;6;48413;1498000;2750000;2495000
RBBH;2061595;6;154995;1498000;3550000;2495000
RBBH;794817;6;181336;1498000;2650000;2495000
RBBH;1926654;6;1087285;1498000;3980000;2495000
RBBH;911445;6;715809;1498000;3160000;2495000
RBBH;2024383;6;127865;1498000;2590000;2495000
RBBH;922554;6;76742;1498000;4260000;2495000
RBBH;1440917;6;6;1498000;2750000;2495000
RBBH;1627757;6;5;1498000;2790000;2495000
RBBH;765565;6;67113;1498000;2900000;2495000
RBBH;1582244;6;117591;1498000;2820000;2495000
RBBH;1997565;6;100980;1498000;2890000;2495000
RBBH;223405;6;158501;1498000;3000000;2495000
RBBH;223664;6;933045;1498000;2560000;2495000
RBBH;522881;6;51129;1498000;4040000;2495000
RBBH;1443261;6;41;1498000;2750000;2495000
RBBH;2205242;6;69071;1498000;4110000;2495000
RBBH;720660;6;192365;1498000;3010000;2495000
RBBH;166410;6;243273;1498000;2960000;2495000
RBBH;1627754;6;10;1498000;2790000;2495000
RBBH;514425;6;478571;1498000;2620000;2495000
RBBH;446662;6;125018;1498000;2730000;2495000
RBBY;748891;6;431394;1806000;6950000;6006000
RBBY;1006238;6;1195606;1806000;21300000;6006000
RBBY;748643;6;271095;1806000;7420000;6006000
RBBY;328637;6;69052;1806000;9270000;6006000
RBBY;1978525;6;833224;1806000;10250000;6006000
RBBY;1521957;6;2125;1806000;7500000;6006000
RBBY;1526815;6;84373;1806000;6670000;6006000
RBBY;1621924;6;343939;1806000;7350000;6006000
RBBY;1841280;6;72183;1806000;7200000;6006000
RBBY;684132;6;40092;1806000;10510000;6006000
RBBY;1597648;6;1000875;1806000;7200000;6006000
RBBY;188156;6;7250;1806000;10510000;6006000
RBBY;1606699;6;22053;1806000;6730000;6006000
RBBY;566353;6;464628;1806000;6140000;6006000
RBBY;576002;6;102062;1806000;6670000;6006000
RBBY;332320;6;806536;1806000;9450000;6006000
RBBY;328263;6;22442;1806000;9270000;6006000
RBBY;1498992;6;41196;1806000;7500000;6006000
RBBY;2037362;6;138898;1806000;7500000;6006000
RBBY;1626572;6;262050;1806000;7370000;6006000
RBBY;1225355;6;31241;1806000;6590000;6006000
RBBY;1786703;6;34762;1806000;7500000;6006000
RBBY;1057687;6;159600;1806000;7510000;6006000
RBBY;1345500;6;150912;1806000;6290000;6006000
RBBY;1612787;6;180089;1806000;6710000;6006000
RBBY;1482732;6;124544;1806000;18860000;6006000
RBBY;1350301;6;138708;1806000;7500000;6006000
RBBY;575445;6;20610;1806000;7500000;6006000
RBBY;2070805;6;98555;1806000;8120000;6006000
RBBY;1431508;6;120044;1806000;14150000;6006000
RBBY;634339;6;65843;1806000;7720000;6006000
RBBY;697187;6;9018;1806000;6480000;6006000
RBBY;1808295;6;103015;1806000;7250000;6006000
RBBY;561562;6;752611;1806000;6480000;6006000
RBBY;907298;6;245608;1806000;6120000;6006000
RBCZ;1313030;6;397502;2048000;11370000;10241000
RBCZ;1451766;6;1658947;2048000;11840000;10241000
RBCZ;925376;6;2188787;2048000;5220000;10241000
RBCZ;759300;6;235000;2048000;18980000;10241000
RBCZ;714246;6;2435168;2048000;8180000;10241000
RBCZ;170559;6;500000;2048000;10700000;10241000
RBCZ;198628;6;746392;2048000;31959000000;10241000
RBCZ;1469413;6;153845;2048000;12200000;10241000
RBCZ;679870;6;19885;2048000;30230000;10241000
RBCZ;226336;6;1579111;2048000;11060000;10241000
RBCZ;242772;6;1098889;2048000;10420000;10241000
RBCZ;169786;6;250000;2048000;11530000;10241000
RBCZ;1353195;6;414662;2048000;13730000;10241000
RBCZ;1208677;6;1995128;2048000;13200000;10241000
RBCZ;198524;6;82932;2048000;31959000000;10241000
RBCZ;879568;6;2078555;2048000;9970000;10241000
RBCZ;192516;6;520070;2048000;10320000;10241000
RBCZ;912942;6;88890;2048000;30230000;10241000
RBCZ;121740;6;315887;2048000;11820000;10241000
RBCZ;1964715;6;150000;2048000;11000000;10241000
RBCZ;920017;6;620037;2048000;13170000;10241000
RBCZ;608445;6;2329242;2048000;6890000;10241000
RBCZ;439171;6;1326920;2048000;12730000;10241000
RBCZ;727503;6;784360;2048000;11340000;10241000
RBCZ;173592;6;726960;2048000;12010000;10241000
RBCZ;1794402;6;207338;2048000;15020000;10241000
RBCZ;767678;6;200000;2048000;11530000;10241000
RBCZ;171000;6;124399;2048000;10300000;10241000
RBCZ;2032536;6;1020000;2048000;11070000;10241000
RBCZ;921086;6;1036656;2048000;99000000;10241000
RBCZ;2258845;6;21;2048000;15850000;10241000
RBCZ;1836748;6;456129;2048000;11400000;10241000
RBCZ;1640546;6;1120097;2048000;12640000;10241000
RBCZ;2258842;6;21;2048000;15850000;10241000
RBCZ;1523919;6;2778239;2048000;9760000;10241000
RBCZ;2059899;6;9;2048000;39300000;10241000
RBCZ;160805;6;621994;2048000;10560000;10241000
RBCZ;1992258;6;2073312;2048000;250000;10241000
RBCZ;589815;6;315104;2048000;10990000;10241000
RBHR;116837;6;150000;1542000;5320000;5107000
RBHR;509455;6;607963;1542000;5970000;5107000
RBHR;720285;6;108819;1542000;5610000;5107000
RBHR;1606443;6;710342;1542000;8340000;5107000
RBHR;209841;6;265446;1542000;5150000;5107000
RBHR;1877359;6;272023;1542000;5270000;5107000
RBHR;107959;6;378368;1542000;5310000;5107000
RBHR;795638;6;515661;1542000;5890000;5107000
RBHR;107447;6;353982;1542000;7280000;5107000
RBHR;2052364;6;300000;1542000;8340000;5107000
RBHR;304045;6;11868;1542000;5450000;5107000
RBHR;107576;6;167142;1542000;5280000;5107000
RBHR;127539;6;38114;1542000;5280000;5107000
RBHR;497406;6;233656;1542000;6490000;5107000
RBHR;133349;6;13272;1542000;7250000;5107000
RBHR;149900;6;2654;1542000;5150000;5107000
RBHR;1031258;6;1126755;1542000;5400000;5107000
RBHR;936770;6;88947;1542000;5850000;5107000
RBHR;81588;6;71545;1542000;5110000;5107000
RBHR;108727;6;151632;1542000;5490000;5107000
RBHR;1918282;6;268802;1542000;5180000;5107000
RBHR;135332;6;1057801;1542000;5870000;5107000
RBHR;1970404;6;24734;1542000;5490000;5107000
RBHU;1038328;6;639675;1238000;4640000;4136000
RBHU;2199154;6;116;1238000;6050000;4136000
RBHU;1809161;6;189778;1238000;8630000;4136000
RBHU;299356;6;1129469;1238000;5620000;4136000
RBHU;311325;6;56603;1238000;4560000;4136000
RBHU;1570907;6;263286;1238000;4940000;4136000
RBHU;868717;6;178903;1238000;4490000;4136000
RBHU;166029;6;835827;1238000;5660000;4136000
RBHU;1026409;6;501956;1238000;8060000;4136000
RBHU;155671;6;79719;1238000;4540000;4136000
RBHU;887808;6;467093;1238000;4570000;4136000
RBHU;127922;6;133988;1238000;4150000;4136000
RBHU;312975;6;48428;1238000;6830000;4136000
RBHU;74985;6;151091;1238000;5650000;4136000
RBHU;1552217;6;361501;1238000;7510000;4136000
RBHU;442765;6;4;1238000;4770000;4136000
RBHU;956807;6;2;1238000;5280000;4136000
RBHU;82442;6;771499;1238000;4150000;4136000
RBHU;1645309;6;624854;1238000;4610000;4136000
RBHU;689920;6;24946;1238000;5920000;4136000
RBHU;1334421;6;24599;1238000;6300000;4136000
RBHU;1919561;6;12514;1238000;4490000;4136000
RBHU;75726;6;96071;1238000;5990000;4136000
RBHU;807263;6;74917;1238000;6780000;4136000
RBHU;960481;6;75097;1238000;5460000;4136000
RBHU;507481;6;86670;1238000;7250000;4136000
RBHU;1802608;6;261820;1238000;4880000;4136000
RBHU;1350053;6;1206511;1238000;4660000;4136000
RBHU;804805;6;948390;1238000;5360000;4136000
RBHU;645349;6;350904;1238000;4530000;4136000
RBHU;81561;6;3;1238000;35000000;4136000
RBHU;1399240;6;98495;1238000;5280000;4136000
RBHU;751445;6;66;1238000;4140000;4136000
RBHU;1334867;6;845758;1238000;4470000;4136000
RBHU;160678;6;74837;1238000;8310000;4136000
RBHU;1608129;6;52490;1238000;4940000;4136000
RBHU;1027241;6;372172;1238000;4610000;4136000
RBHU;1448925;6;18178;1238000;4290000;4136000
RBHU;841866;6;291790;1238000;8020000;4136000
RBHU;755304;6;931154;1238000;5080000;4136000
RBHU;74880;6;124729;1238000;4360000;4136000
RBHU;290121;6;169631;1238000;5420000;4136000
RBHU;89187;6;354384;1238000;4480000;4136000
RBHU;1487333;6;3;1238000;6040000;4136000
RBHU;1996904;6;355675;1238000;5890000;4136000
RBHU;442751;6;3;1238000;6300000;4136000
RBHU;660156;6;2;1238000;4550000;4136000
RBHU;1395226;6;226728;1238000;9030000;4136000
RBHU;699885;6;281473;1238000;5050000;4136000
RBHU;1341655;6;256347;1238000;5820000;4136000
RBHU;644828;6;1260003;1238000;4660000;4136000
RBHU;673930;6;304450;1238000;7610000;4136000
RBHU;75373;6;583725;1238000;4190000;4136000
RBHU;230548;6;78;1238000;2021710000;4136000
RBHU;1570908;6;112005;1238000;4940000;4136000
RBHU;2292918;6;624179;1238000;5190000;4136000
RBHU;1322751;6;207699;1238000;4170000;4136000
RBHU;1515239;6;149674;1238000;4940000;4136000
RBHU;469277;6;180456;1238000;7140000;4136000
RBHU;345023;6;37592;1238000;6300000;4136000
RBHU;321417;6;649403;1238000;4830000;4136000
RBHU;745054;6;228953;1238000;4900000;4136000
RBHU;869609;6;23;1238000;7310000;4136000
RBHU;318506;6;17032;1238000;5140000;4136000
RBHU;448503;6;50813;1238000;5480000;4136000
RBHU;710984;6;601163;1238000;4580000;4136000
RBHU;1529272;6;592834;1238000;6830000;4136000
RBHU;84993;6;465075;1238000;4520000;4136000
RBHU;2199166;6;69138;1238000;4600000;4136000
RBHU;1976139;6;581733;1238000;5090000;4136000
RBHU;197132;6;901121;1238000;4490000;4136000
RBHU;74913;6;530519;1238000;4340000;4136000
RBHU;781492;6;74837;1238000;6280000;4136000
RBHU;2198255;6;30617;1238000;5180000;4136000
RBHU;786801;6;3;1238000;5240000;4136000
RBHU;665625;6;15;1238000;23900000;4136000
RBHU;749098;6;228007;1238000;6780000;4136000
RBHU;184448;6;112258;1238000;5190000;4136000
RBHU;688596;6;24946;1238000;5190000;4136000
RBHU;1497763;6;74837;1238000;6490000;4136000
RBHU;950935;6;49891;1238000;5240000;4136000
RBHU;1892492;6;75869;1238000;5480000;4136000
RBHU;2270428;6;326647;1238000;4170000;4136000
RBHU;684398;6;2;1238000;7100000;4136000
RBHU;665853;6;29;1238000;5480000;4136000
RBHU;184993;6;74837;1238000;4540000;4136000
RBHU;948717;6;735902;1238000;6170000;4136000
RBHU;2263123;6;187657;1238000;10330000;4136000
RBHU;662178;6;287933;1238000;7610000;4136000
RBHU;125881;6;2;1238000;4550000;4136000
RBHU;1485951;6;560732;1238000;4570000;4136000
RBHU;90478;6;275712;1238000;7310000;4136000
RBHU;948712;6;834758;1238000;6040000;4136000
RBHU;1340618;6;543865;1238000;4820000;4136000
RBHU;1809893;6;182919;1238000;5750000;4136000
RBHU;2101459;6;785197;1238000;9240000;4136000
RBHU;627696;6;3742;1238000;4760000;4136000
RBHU;660606;6;14;1238000;5280000;4136000
RBHU;810921;6;130846;1238000;4150000;4136000
RBHU;134801;6;310466;1238000;4990000;4136000
RBHU;182055;6;249457;1238000;5130000;4136000
RBHU;627823;6;9355;1238000;4760000;4136000
RBHU;1612187;6;274405;1238000;4380000;4136000
RBHU;1335241;6;2;1238000;4490000;4136000
RBHU;193063;6;74837;1238000;6870000;4136000
RBHU;168842;6;597425;1238000;4900000;4136000
RBHU;1241394;6;683607;1238000;5740000;4136000
RBHU;2282508;6;250626;1238000;8390000;4136000
RBHU;74853;6;2;1238000;28209100000;4136000
RBHU;599997;6;174620;1238000;5480000;4136000
RBHU;1034042;6;873101;1238000;5460000;4136000
RBHU;168348;6;147785;1238000;9460000;4136000
RBHU;1826809;6;181894;1238000;4640000;4136000
RBHU;1877908;6;494312;1238000;7270000;4136000
RBHU;671582;6;250911;1238000;7490000;4136000
RBHU;506673;6;126707;1238000;5480000;4136000
RBHU;174700;6;322849;1238000;4340000;4136000
RBHU;504367;6;212965;1238000;4950000;4136000
RBHU;874629;6;548754;1238000;5450000;4136000
RBHU;1483903;6;87662;1238000;5060000;4136000
RBHU;309346;6;264322;1238000;5310000;4136000
RBHU;230430;6;0;1238000;10370000;4136000
RBHU;1404819;6;20052;1238000;4290000;4136000
RBHU;660629;6;356431;1238000;10290000;4136000
RBHU;689462;6;24946;1238000;5920000;4136000
RBHU;1611787;6;1269644;1238000;5840000;4136000
RBHU;1533690;6;86871;1238000;4180000;4136000
RBHU;530579;6;7;1238000;23900000;4136000
RBHU;1364016;6;30871;1238000;9830000;4136000
RBHU;1332222;6;551497;1238000;6560000;4136000
RBHU;1516136;6;293685;1238000;5330000;4136000
RBHU;1931569;6;700366;1238000;4860000;4136000
RBHU;2282958;6;374186;1238000;7790000;4136000
RBHU;488506;6;10580;1238000;7080000;4136000
RBHU;2017965;6;374186;1238000;5060000;4136000
RBHU;1060729;6;264350;1238000;4220000;4136000
RBHU;1898707;6;5;1238000;23900000;4136000
RBHU;110975;6;225728;1238000;5990000;4136000
RBHU;1240569;6;162147;1238000;5900000;4136000
RBHU;1361294;6;112256;1238000;6140000;4136000
RBHU;77575;6;921819;1238000;5540000;4136000
RBHU;1626811;6;18564;1238000;4400000;4136000
RBHU;1043623;6;770702;1238000;4950000;4136000
RBHU;1514766;6;500972;1238000;5610000;4136000
RBHU;876911;6;695415;1238000;4190000;4136000
RBHU;139281;6;436;1238000;4670000;4136000
RBHU;1504354;6;259771;1238000;4640000;4136000
RBHU;301152;6;562047;1238000;5340000;4136000
RBHU;1461611;6;62364;1238000;4880000;4136000
RBHU;2124228;6;366905;1238000;5030000;4136000
RBHU;924757;6;113278;1238000;5180000;4136000
RBHU;698534;6;201333;1238000;4150000;4136000
RBHU;920191;6;74837;1238000;4490000;4136000
RBHU;712102;6;505633;1238000;6380000;4136000
RBHU;129113;6;782384;1238000;4490000;4136000
RBHU;514868;6;269070;1238000;9830000;4136000
RBHU;1913769;6;75119;1238000;5180000;4136000
RBHU;2014031;6;667622;1238000;4340000;4136000
RBHU;1612966;6;551497;1238000;9210000;4136000
RBHU;947343;6;399377;1238000;13000000;4136000
RBHU;125423;6;3;1238000;5470000;4136000
RBHU;2110133;6;1020359;1238000;8260000;4136000
RBHU;77155;6;737004;1238000;5010000;4136000
RBHU;474418;6;46478;1238000;38990000;4136000
RBHU;810625;6;112921;1238000;7070000;4136000
RBHU;776678;6;396362;1238000;5560000;4136000
RBHU;2024494;6;249919;1238000;5820000;4136000
RBHU;74831;6;43022;1238000;4150000;4136000
RBHU;447113;6;145589;1238000;6300000;4136000
RBHU;2194270;6;88576;1238000;4340000;4136000
RBHU;688941;6;249457;1238000;7690000;4136000
RBHU;1970140;6;122858;1238000;4440000;4136000
RBHU;194934;6;2;1238000;7560000;4136000
RBHU;624715;6;757790;1238000;5020000;4136000
RBHU;2114783;6;1247288;1238000;7570000;4136000
RBHU;1601947;6;915989;1238000;4670000;4136000
RBHU;111451;6;16817;1238000;5420000;4136000
RBHU;388794;6;190589;1238000;6280000;4136000
RBHU;193236;6;4;1238000;4670000;4136000
RBHU;2200614;6;489380;1238000;6700000;4136000
RBHU;327604;6;612878;1238000;9460000;4136000
RBHU;2064300;6;80004;1238000;4940000;4136000
RBHU;674859;6;16291;1238000;4630000;4136000
RBHU;524494;6;74837;1238000;4140000;4136000
RBHU;1331566;6;5;1238000;6380000;4136000
RBHU;551674;6;5803;1238000;5040000;4136000
RBHU;2188806;6;498915;1238000;4340000;4136000
RBHU;2287881;6;625400;1238000;8170000;4136000
RBHU;703760;6;157841;1238000;5030000;4136000
RBHU;670174;6;1307157;1238000;4100000;4136000
RBHU;76669;6;1270471;1238000;5800000;4136000
RBHU;2072752;6;124729;1238000;7900000;4136000
RBHU;430296;6;199566;1238000;7060000;4136000
RBHU;877270;6;12179;1238000;5740000;4136000
RBHU;784080;6;616118;1238000;5710000;4136000
RBHU;228914;6;31560;1238000;4560000;4136000
RBHU;192628;6;513471;1238000;8230000;4136000
RBHU;1402084;6;124729;1238000;7140000;4136000
RBHU;1431119;6;56141;1238000;4340000;4136000
RBHU;1216757;6;50056;1238000;5340000;4136000
RBHU;137730;6;350687;1238000;52000000;4136000
RBHU;86231;6;246;1238000;6140000;4136000
RBHU;874421;6;315402;1238000;7610000;4136000
RBHU;853701;6;474423;1238000;9600000;4136000
RBHU;1337344;6;110523;1238000;9210000;4136000
RBHU;134673;6;147383;1238000;5160000;4136000
RBHU;1512986;6;68575;1238000;5010000;4136000
RBHU;2195500;6;60566;1238000;5180000;4136000
RBHU;880245;6;607726;1238000;5850000;4136000
RBHU;782336;6;0;1238000;4570000;4136000
RBHU;192996;6;80190;1238000;4300000;4136000
RBHU;947345;6;474370;1238000;5950000;4136000
RBHU;534133;6;7310;1238000;5340000;4136000
RBHU;2122072;6;1267634;1238000;3890000;4136000
RBHU;429908;6;25752;1238000;7060000;4136000
RBHU;429866;6;550740;1238000;5860000;4136000
RBHU;2200690;6;155007;1238000;5480000;4136000
RBHU;2088283;6;24946;1238000;7810000;4136000
RBHU;727200;6;7125;1238000;5360000;4136000
RBHU;74974;6;448669;1238000;4660000;4136000
RBHU;1337345;6;110498;1238000;9210000;4136000
RBHU;708695;6;463574;1238000;9510000;4136000
RBHU;786800;6;949953;1238000;5240000;4136000
RBHU;1838389;6;101320;1238000;5480000;4136000
RBHU;1311522;6;69848;1238000;6390000;4136000
RBHU;530581;6;14;1238000;23900000;4136000
RBHU;1060731;6;310484;1238000;4220000;4136000
RBHU;1933174;6;500618;1238000;4550000;4136000
RBHU;1838541;6;163201;1238000;4830000;4136000
RBHU;192080;6;100906;1238000;5550000;4136000
RBHU;806371;6;13;1238000;23900000;4136000
RBKO;535624;6;300000;1520000;6450000;5080000
RBKO;1638268;6;505019;1520000;9820000;5080000
RBKO;1917664;6;608920;1520000;7260000;5080000
RBKO;132591;6;730539;1520000;5100000;5080000
RBKO;323018;6;251126;1520000;5790000;5080000
RBKO;873420;6;15000;1520000;5340000;5080000
RBKO;1976810;6;715707;1520000;6060000;5080000
RBKO;1056451;6;161816;1520000;6900000;5080000
RBKO;1205061;6;105001;1520000;5380000;5080000
RBKO;1515490;6;84615;1520000;6300000;5080000
RBKO;1929577;6;1015386;1520000;5110000;5080000
RBKO;125807;6;224185;1520000;9780000;5080000
RBKO;1929827;6;140898;1520000;9780000;5080000
RBKO;1913296;6;60175;1520000;6650000;5080000
RBKO;205262;6;992;1520000;6820000;5080000
RBKO;132429;6;13000;1520000;10270000;5080000
RBKO;1507381;6;1709786;1520000;6020000;5080000
RBKO;224674;6;725384;1520000;5420000;5080000
RBKO;2092926;6;613971;1520000;7210000;5080000
RBKO;1856158;6;102713;1520000;5750000;5080000
RBKO;699372;6;703083;1520000;1251000000;5080000
RBKO;1824728;6;183259;1520000;6840000;5080000
RBKO;282042;6;970384;1520000;5300000;5080000
RBKO;1913300;6;140600;1520000;6650000;5080000
RBKO;853321;6;448016;1520000;5610000;5080000
RBKO;1487132;6;108829;1520000;7800000;5080000
RBKO;811378;6;1063465;1520000;5200000;5080000
RBKO;1505425;6;204939;1520000;5150000;5080000
RBKO;162350;6;3500;1520000;10270000;5080000
RBKO;1615573;6;1040607;1520000;5240000;5080000
RBKO;184777;6;383856;1520000;7230000;5080000
RBKO;1522942;6;24857;1520000;7210000;5080000
RBKO;687974;6;265433;1520000;6450000;5080000
RBKO;628708;6;1617233;1520000;1800000;5080000
RBKO;744452;6;20000;1520000;7210000;5080000
RBKO;715051;6;750307;1520000;6060000;5080000
RBRO;1901217;6;5;1434000;4970000;4752000
RBRO;156528;6;198808;1434000;7160000;4752000
RBRO;1527100;6;582750;1434000;7260000;4752000
RBRO;1634871;6;539143;1434000;15260000;4752000
RBRO;1646108;6;30;1434000;7320000;4752000
RBRO;294310;6;252894;1434000;4900000;4752000
RBRO;752885;6;262653;1434000;5910000;4752000
RBRO;1513728;6;1481373;1434000;7800000;4752000
RBRO;187676;6;20204;1434000;4760000;4752000
RBRO;806438;6;38308;1434000;7260000;4752000
RBRO;1506536;6;27275;1434000;5520000;4752000
RBRO;700099;6;41;1434000;6040000;4752000
RBRO;958167;6;165673;1434000;8330000;4752000
RBRO;1934094;6;26;1434000;8380000;4752000
RBRO;1876952;6;82195;1434000;5940000;4752000
RBRO;871186;6;489066;1434000;6950000;4752000
RBRO;1428964;6;4791;1434000;5100000;4752000
RBRO;1027319;6;46489;1434000;5320000;4752000
RBRO;524845;6;443431;1434000;5470000;4752000
RBRO;744924;6;4;1434000;7280000;4752000
RBRO;920508;6;523349;1434000;5430000;4752000
RBRO;2057555;6;588468;1434000;4920000;4752000
RBRO;1323657;6;101020;1434000;6200000;4752000
RBRO;808143;6;284968;1434000;8490000;4752000
RBRO;178694;6;160605;1434000;5120000;4752000
RBRO;1901222;6;5;1434000;4970000;4752000
RBRO;927404;6;140138;1434000;4910000;4752000
RBRO;1335482;6;9229;1434000;4850000;4752000
RBRO;472541;6;518657;1434000;4950000;4752000
RBRO;652683;6;404081;1434000;4940000;4752000
RBRO;538097;6;270399;1434000;5940000;4752000
RBRO;1921378;6;41747;1434000;8380000;4752000
RBRO;725492;6;36057;1434000;4930000;4752000
RBRO;1906584;6;228525;1434000;6490000;4752000
RBRO;523750;6;1;1434000;4760000;4752000
RBRO;559518;6;22225;1434000;5390000;4752000
RBRO;705778;6;919354;1434000;6880000;4752000
RBRO;189211;6;6;1434000;4780000;4752000
RBRO;152201;6;463529;1434000;5770000;4752000
RBRO;1582463;6;12;1434000;6080000;4752000
RBRO;845989;6;230785;1434000;4840000;4752000
RBRO;854381;6;187217;1434000;5230000;4752000
RBRO;2030380;6;22;1434000;5680000;4752000
RBRO;878863;6;208445;1434000;6490000;4752000
RBRO;1803821;6;124448;1434000;8610000;4752000
RBRO;1345358;6;2312;1434000;5230000;4752000
RBRO;1230335;6;42235;1434000;9710000;4752000
RBRO;2099493;6;99;1434000;5480000;4752000
RBRO;689786;6;8;1434000;5890000;4752000
RBRO;929182;6;550083;1434000;6500000;4752000
RBRO;756342;6;160327;1434000;9080000;4752000
RBRO;465440;6;1115651;1434000;8310000;4752000
RBRO;931493;6;279343;1434000;5100000;4752000
RBRO;1457611;6;60612;1434000;5160000;4752000
RBRO;1356734;6;304019;1434000;6490000;4752000
RBRO;1215404;6;433401;1434000;4810000;4752000
RBRO;876663;6;56966;1434000;8310000;4752000
RBRO;652785;6;183351;1434000;6880000;4752000
RBRO;1930551;6;101196;1434000;10300000;4752000
RBRO;1589866;6;45087;1434000;5830000;4752000
RBRO;2191961;6;708605;1434000;4780000;4752000
RBRO;808286;6;191939;1434000;7220000;4752000
RBRO;1794991;6;338265;1434000;6420000;4752000
RBRO;1523944;6;16190;1434000;6160000;4752000
RBRO;1900908;6;850335;1434000;6030000;4752000
RBRO;1800349;6;315588;1434000;4820000;4752000
RBRO;1991629;6;15866;1434000;5680000;4752000
RBRO;1356791;6;110779;1434000;5030000;4752000
RBRO;749989;6;20204;1434000;6120000;4752000
RBRO;1230370;6;188;1434000;5790000;4752000
RBRO;1629480;6;226352;1434000;4800000;4752000
RBRO;923984;6;423345;1434000;5380000;4752000
RBRO;931188;6;6;1434000;4910000;4752000
RBRO;927224;6;121560;1434000;5430000;4752000
RBRO;1601792;6;20228;1434000;6880000;4752000
RBRO;513685;6;462138;1434000;8830000;4752000
RBRO;1328707;6;104052;1434000;8320000;4752000
RBRO;926584;6;40408;1434000;5090000;4752000
RBRO;724493;6;111418;1434000;4930000;4752000
RBRO;2198188;6;64542;1434000;6070000;4752000
RBRO;145828;6;177922;1434000;5740000;4752000
RBRO;679072;6;90;1434000;5790000;4752000
RBRO;764462;6;140117;1434000;5330000;4752000
RBRO;957968;6;50434;1434000;10310000;4752000
RBRO;926296;6;85197;1434000;6890000;4752000
RBRO;1582825;6;54678;1434000;5380000;4752000
RBRO;1409146;6;80939;1434000;9080000;4752000
RBRO;547004;6;70715;1434000;10360000;4752000
RBRO;1782416;6;649827;1434000;5180000;4752000
RBRO;780827;6;471054;1434000;9710000;4752000
RBRO;1490302;6;5;1434000;4910000;4752000
RBRO;1455306;6;86689;1434000;5750000;4752000
RBRO;2205850;6;202424;1434000;10300000;4752000
RBRO;137407;6;301587;1434000;5520000;4752000
RBRO;464814;6;206689;1434000;4810000;4752000
RBRO;2032748;6;5;1434000;8320000;4752000
RBRO;1929761;6;279692;1434000;6010000;4752000
RBRO;783893;6;359627;1434000;5520000;4752000
RBRO;1475828;6;108092;1434000;7800000;4752000
RBRO;2029933;6;1;1434000;5190000;4752000
RBRO;1241109;6;502734;1434000;15260000;4752000
RBRO;2099492;6;124;1434000;5480000;4752000
RBRO;793039;6;118376;1434000;9080000;4752000
RBRO;246962;6;175636;1434000;6960000;4752000
RBRO;1997675;6;7273;1434000;5120000;4752000
RBRO;959730;6;2;1434000;4910000;4752000
RBRO;736713;6;3;1434000;6020000;4752000
RBRO;688435;6;161636;1434000;5890000;4752000
RBRO;926391;6;749634;1434000;4790000;4752000
RBRO;927258;6;257440;1434000;5030000;4752000
RBRO;1500140;6;33340;1434000;7260000;4752000
RBRO;869738;6;27042;1434000;5430000;4752000
RBRO;932792;6;807206;1434000;5260000;4752000
RBRO;1503296;6;762012;1434000;4800000;4752000
RBRO;539538;6;387488;1434000;6250000;4752000
RBRO;930833;6;182273;1434000;5800000;4752000
RBRO;746244;6;677519;1434000;6120000;4752000
RBRO;1323403;6;35163;1434000;4970000;4752000
RBRO;239542;6;511936;1434000;4990000;4752000
RBRO;930997;6;258009;1434000;6430000;4752000
RBRO;930733;6;21970;1434000;5180000;4752000
RBRO;756554;6;222971;1434000;10360000;4752000
RBRO;1327823;6;515567;1434000;5740000;4752000
RBRO;695349;6;4;1434000;22310000;4752000
RBRO;151402;6;14143;1434000;5300000;4752000
RBRO;492780;6;60639;1434000;6960000;4752000
RBRO;1582830;6;5;1434000;5520000;4752000
RBRO;691580;6;4791;1434000;4780000;4752000
RBRO;1268748;6;423382;1434000;5170000;4752000
RBRO;915167;6;311239;1434000;7500000;4752000
RBRO;927210;6;308038;1434000;6480000;4752000
RBRO;546643;6;16179;1434000;5740000;4752000
RBRO;1981508;6;41;1434000;5240000;4752000
RBRO;741267;6;5;1434000;4900000;4752000
RBRO;921966;6;11;1434000;11400000;4752000
RBRO;756224;6;43;1434000;4900000;4752000
RBRO;1211174;6;1024753;1434000;6340000;4752000
RBRO;759213;6;8082;1434000;7200000;4752000
RBRO;1883668;6;4;1434000;4900000;4752000
RBRO;714690;6;168688;1434000;5740000;4752000
RBRO;922565;6;65663;1434000;5060000;4752000
RBRO;2035076;6;81079;1434000;4970000;4752000
RBRO;768707;6;243147;1434000;4930000;4752000
RBRO;430788;6;3394;1434000;9580000;4752000
RBRO;1504707;6;11585;1434000;6960000;4752000
RBRO;1802384;6;3486;1434000;7260000;4752000
RBRO;134463;6;446183;1434000;9580000;4752000
RBRO;2091916;6;3;1434000;4820000;4752000
RBRO;522229;6;111122;1434000;9580000;4752000
RBRO;928560;6;574365;1434000;10310000;4752000
RBRO;930559;6;378155;1434000;5000000;4752000
RBRO;2055675;6;22121;1434000;5920000;4752000
RBRO;1357587;6;51642;1434000;5620000;4752000
RBRO;692813;6;845536;1434000;6960000;4752000
RBRO;140396;6;443235;1434000;5560000;4752000
RBRO;785275;6;29;1434000;4900000;4752000
RBRO;1646114;6;27;1434000;7320000;4752000
RBRO;1409152;6;4;1434000;9080000;4752000
RBRO;1971207;6;967633;1434000;5140000;4752000
RBRO;2097240;6;20204;1434000;5480000;4752000
RBRO;1361827;6;492006;1434000;7300000;4752000
RBRO;124204;6;24843;1434000;5380000;4752000
RBRO;464184;6;200251;1434000;10990000;4752000
RBRO;1042907;6;361702;1434000;6450000;4752000
RBRO;247607;6;1120714;1434000;9710000;4752000
RBRO;1448623;6;158962;1434000;5580000;4752000
RBRO;929144;6;44905;1434000;9710000;4752000
RBRO;187232;6;125341;1434000;4900000;4752000
RBRO;1535630;6;796276;1434000;4760000;4752000
RBRO;779984;6;420589;1434000;6450000;4752000
RBRO;1192793;6;466064;1434000;6490000;4752000
RBRO;1328431;6;280551;1434000;7190000;4752000
RBRO;700100;6;3435;1434000;6040000;4752000
RBRO;1508061;6;19063;1434000;6960000;4752000
RBRO;1778877;6;585202;1434000;6700000;4752000
RBRO;732449;6;182140;1434000;4840000;4752000
RBRO;1875763;6;9;1434000;6040000;4752000
RBRO;522917;6;141890;1434000;6280000;4752000
RBRO;304826;6;279305;1434000;4980000;4752000
RBRO;404092;6;657788;1434000;10360000;4752000
RBRO;2035888;6;77;1434000;7260000;4752000
RBRO;161972;6;9397;1434000;5690000;4752000
RBRO;1063556;6;28074;1434000;5360000;4752000
RBRO;929699;6;6825;1434000;6160000;4752000
RBRO;162919;6;899410;1434000;4820000;4752000
RBRO;664923;6;143653;1434000;6090000;4752000
RBRO;653152;6;45655;1434000;5690000;4752000
RBRO;888374;6;202716;1434000;5170000;4752000
RBRO;1836457;6;26939;1434000;5240000;4752000
RBRO;1892300;6;6;1434000;4900000;4752000
RBRO;850345;6;788081;1434000;5100000;4752000
RBRO;600306;6;8087;1434000;4970000;4752000
RBRO;321309;6;101020;1434000;9150000;4752000
RBRO;1328698;6;45486;1434000;4970000;4752000
RBRO;131897;6;872;1434000;5620000;4752000
RBRO;924211;6;6015;1434000;11020000;4752000
RBRO;186762;6;162771;1434000;4850000;4752000
RBRO;1901416;6;14815;1434000;5190000;4752000
RBRO;1412419;6;5;1434000;22310000;4752000
RBRO;1527153;6;2136;1434000;7260000;4752000
RBRO;679068;6;219033;1434000;5790000;4752000
RBRO;726815;6;181936;1434000;4840000;4752000
RBRO;727716;6;353571;1434000;4920000;4752000
RBRO;498081;6;1;1434000;5920000;4752000
RBRO;205372;6;80816;1434000;10310000;4752000
RBRO;534184;6;737809;1434000;10070000;4752000
RBRO;2069756;6;244;1434000;5620000;4752000
RBRO;929582;6;510842;1434000;5010000;4752000
RBRO;2122441;6;5;1434000;17830000;4752000
RBRO;394889;6;656632;1434000;5010000;4752000
RBRO;209816;6;1061;1434000;22310000;4752000
RBRO;1506911;6;2;1434000;5920000;4752000
RBRS;2211689;6;100498;1016000;3200000;3039000
RBRS;1062865;6;124277;1016000;3490000;3039000
RBRS;155497;6;112179;1016000;4710000;3039000
RBRS;1893298;6;366001;1016000;5660000;3039000
RBRS;537930;6;34316;1016000;3220000;3039000
RBRS;886697;6;266433;1016000;3380000;3039000
RBRS;682030;6;255605;1016000;3990000;3039000
RBRS;649228;6;212319;1016000;3280000;3039000
RBRS;2311754;6;698020;1016000;3360000;3039000
RBRS;1875756;6;183890;1016000;3310000;3039000
RBRS;1500239;6;35570;1016000;3170000;3039000
RBRS;1391267;6;15369;1016000;3500000;3039000
RBRS;757341;6;51141;1016000;3520000;3039000
RBRS;505656;6;43471;1016000;5550000;3039000
RBRS;153791;6;543533;1016000;3560000;3039000
RBRS;664207;6;270065;1016000;4320000;3039000
RBRS;885744;6;93980;1016000;3590000;3039000
RBRS;159428;6;270305;1016000;3680000;3039000
RBRS;2105709;6;70208;1016000;4530000;3039000
RBRS;1828674;6;239329;1016000;3090000;3039000
RBRS;55732;6;55000;1016000;3360000;3039000
RBRS;1505069;6;32;1016000;3050000;3039000
RBRS;1608138;6;16600;1016000;3710000;3039000
RBRS;675740;6;288115;1016000;3440000;3039000
RBRS;1587337;6;500000;1016000;3190000;3039000
RBRS;1575666;6;530903;1016000;3240000;3039000
RBRS;944500;6;8568;1016000;3360000;3039000
RBRS;174562;6;198025;1016000;3450000;3039000
RBRS;710610;6;164788;1016000;3190000;3039000
RBRS;809898;6;200000;1016000;3980000;3039000
RBRS;236104;6;50987;1016000;3250000;3039000
RBRS;799422;6;1174567;1016000;3010000;3039000
RBRS;934079;6;85344;1016000;3870000;3039000
RBRS;1204060;6;6843;1016000;4450000;3039000
RBRS;1537953;6;5;1016000;3310000;3039000
RBRS;659548;6;171629;1016000;3370000;3039000
RBRS;923497;6;9876;1016000;5480000;3039000
RBRS;1404078;6;290264;1016000;3650000;3039000
RBRS;1985174;6;116441;1016000;3690000;3039000
RBRS;879986;6;156238;1016000;4170000;3039000
RBRS;848392;6;526911;1016000;4250000;3039000
RBRS;726774;6;356133;1016000;3570000;3039000
RBRS;1394503;6;89621;1016000;3430000;3039000
RBRS;1832111;6;149553;1016000;6920000;3039000
RBRS;1332788;6;272253;1016000;3360000;3039000
RBRS;2037493;6;57534;1016000;4880000;3039000
RBRS;717933;6;8556;1016000;3270000;3039000
RBRS;1616438;6;29573;1016000;3230000;3039000
RBRS;945591;6;241319;1016000;4690000;3039000
RBRS;1042943;6;15998;1016000;3310000;3039000
RBRS;2072548;6;39781;1016000;5340000;3039000
RBRS;1629560;6;46411;1016000;5220000;3039000
RBRS;1838732;6;92842;1016000;3990000;3039000
RBRS;135837;6;684988;1016000;5650000;3039000
RBRS;911317;6;130000;1016000;5280000;3039000
RBRS;2040145;6;30166;1016000;4510000;3039000
RBRS;705526;6;144435;1016000;3120000;3039000
RBRS;292521;6;210228;1016000;4020000;3039000
RBRS;717934;6;8;1016000;3270000;3039000
RBRS;688002;6;299316;1016000;4040000;3039000
RBRS;292516;6;359815;1016000;3270000;3039000
RBRS;2035232;6;162249;1016000;5260000;3039000
RBRS;717250;6;297613;1016000;4160000;3039000
RBRS;1855461;6;327613;1016000;3290000;3039000
RBRS;1903052;6;25115;1016000;3700000;3039000
RBRS;647473;6;221371;1016000;3380000;3039000
RBRS;700259;6;330407;1016000;3990000;3039000
RBRS;1250434;6;12004;1016000;3430000;3039000
RBRS;1825401;6;330126;1016000;7340000;3039000
RBRS;749044;6;804780;1016000;3380000;3039000
RBRS;1641593;6;120536;1016000;4260000;3039000
RBRS;118881;6;390228;1016000;6190000;3039000
RBRS;1900574;6;75001;1016000;3680000;3039000
RBRS;945082;6;8524;1016000;4690000;3039000
RBRS;267986;6;44335;1016000;3360000;3039000
RBRS;710611;6;42630;1016000;3190000;3039000
RBRS;596340;6;19174;1016000;3580000;3039000
RBRS;1795278;6;41441;1016000;4040000;3039000
RBRS;779023;6;405667;1016000;3630000;3039000
RBRS;779025;6;4262;1016000;3630000;3039000
RBRS;227099;6;9440;1016000;3550000;3039000
RBRS;808576;6;70061;1016000;3710000;3039000
RBRS;795170;6;175513;1016000;3550000;3039000
RBRS;1582434;6;14678;1016000;3860000;3039000
RBRS;295476;6;102294;1016000;3260000;3039000
RBRS;1986332;6;242943;1016000;3390000;3039000
RBRS;2067436;6;318609;1016000;5650000;3039000
RBRS;1250679;6;17122;1016000;3970000;3039000
RBRS;1508560;6;173630;1016000;4030000;3039000
RBRS;168052;6;132385;1016000;3990000;3039000
RBRS;2079872;6;94530;1016000;3070000;3039000
RBRS;1786893;6;209973;1016000;4180000;3039000
RBRS;139164;6;1;1016000;4330000;3039000
RBRS;2159566;6;12;1016000;4310000;3039000
RBRS;1521508;6;12785;1016000;7160000;3039000
RBRS;946263;6;300000;1016000;3230000;3039000
RBRS;118168;6;49467;1016000;3150000;3039000
RBRS;1781517;6;20550;1016000;3140000;3039000
RBRS;1971532;6;12;1016000;4040000;3039000
RBRS;920861;6;186098;1016000;5340000;3039000
RBRS;139150;6;1099;1016000;3490000;3039000
RBRS;1883909;6;27258;1016000;4310000;3039000
RBRS;1036816;6;6346;1016000;3050000;3039000
RBRS;885532;6;294737;1016000;4100000;3039000
RBRS;1395595;6;55723;1016000;5310000;3039000
RBRS;181077;6;294575;1016000;3240000;3039000
RBRS;647432;6;23612;1016000;4180000;3039000
RBRS;724598;6;143099;1016000;3450000;3039000
RBRS;119117;6;50000;1016000;3390000;3039000
RBRS;1893201;6;12481;1016000;4210000;3039000
RBRS;1900779;6;100000;1016000;4570000;3039000
RBRS;1917839;6;38179;1016000;3290000;3039000
RBRS;945003;6;20803;1016000;3710000;3039000
RBRS;1877998;6;124074;1016000;3370000;3039000
RBRS;1915859;6;193710;1016000;4190000;3039000
RBRS;1902576;6;494364;1016000;3720000;3039000
RBRS;311175;6;122904;1016000;3220000;3039000
RBRS;945392;6;1705;1016000;3060000;3039000
RBRS;1062480;6;136412;1016000;3260000;3039000
RBRU;949714;6;153192;2128000;8640000;7092000
RBRU;1339821;6;128648;2128000;7150000;7092000
RBRU;1846280;6;385728;2128000;7710000;7092000
RBRU;640949;6;58521;2128000;9630000;7092000
RBRU;1794390;6;583117;2128000;8410000;7092000
RBRU;1436386;6;417544;2128000;7840000;7092000
RBRU;1057852;6;1126393;2128000;8300000;7092000
RBRU;683922;6;172062;2128000;7260000;7092000
RBRU;809017;6;25711;2128000;7550000;7092000
RBRU;1515249;6;0;2128000;7950000;7092000
RBRU;1402243;6;128738;2128000;8260000;7092000
RBRU;953623;6;163164;2128000;8650000;7092000
RBRU;2060149;6;129302;2128000;7740000;7092000
RBRU;1998434;6;257253;2128000;7240000;7092000
RBRU;1450701;6;514858;2128000;11180000;7092000
RBRU;2071311;6;128553;2128000;10840000;7092000
RBRU;947350;6;1366157;2128000;14060000;7092000
RBRU;1555874;6;128553;2128000;7580000;7092000
RBRU;1061777;6;38703;2128000;8300000;7092000
RBRU;949709;6;293946;2128000;8640000;7092000
RBRU;740045;6;1151351;2128000;9090000;7092000
RBRU;2028409;6;128930;2128000;8230000;7092000
RBRU;776690;6;772636;2128000;9060000;7092000
RBRU;1877179;6;1045780;2128000;7740000;7092000
RBRU;739180;6;38325;2128000;7500000;7092000
RBRU;255483;6;1517461;2128000;7140000;7092000
RBRU;2028400;6;444412;2128000;7330000;7092000
RBRU;2081608;6;128553;2128000;7650000;7092000
RBRU;1501250;6;1020257;2128000;8640000;7092000
RBRU;1996916;6;257412;2128000;9150000;7092000
RBRU;1451075;6;128553;2128000;7550000;7092000
RBRU;1598418;6;618122;2128000;9140000;7092000
RBRU;1339396;6;197542;2128000;1496110000;7092000
RBRU;1037022;6;121483;2128000;7300000;7092000
RBRU;783261;6;944389;2128000;8230000;7092000
RBRU;1057651;6;488502;2128000;7900000;7092000
RBRU;225782;6;408560;2128000;7180000;7092000
RBRU;1318193;6;2144133;2128000;6690000;7092000
RBRU;1205254;6;335019;2128000;8760000;7092000
RBRU;1973869;6;96529;2128000;7500000;7092000
RBRU;1622200;6;2275390;2128000;7620000;7092000
RBRU;1437276;6;792893;2128000;8370000;7092000
RBRU;953929;6;354297;2128000;9770000;7092000
RBRU;1448963;6;596223;2128000;7880000;7092000
RBRU;163023;6;1140992;2128000;7950000;7092000
RBRU;471756;6;500035;2128000;8260000;7092000
RBRU;290581;6;1690783;2128000;8230000;7092000
RBRU;1896203;6;128553;2128000;16230000;7092000
RBRU;1621900;6;443764;2128000;8250000;7092000
RBRU;1224552;6;1736915;2128000;15370000;7092000
RBRU;1042363;6;644689;2128000;8230000;7092000
RBRU;1974929;6;425984;2128000;7900000;7092000
RBRU;1876967;6;264624;2128000;7330000;7092000
RBRU;2028413;6;128553;2128000;8410000;7092000
RCL;52402;6;6537;1500000;10230000;5000000
RFACTOR;1544307;6;128274;1500000;28800000;5000000
RFACTOR;1612890;6;651697;1500000;765510000;5000000
RFACTOR;45237;6;796468;1500000;6200000;5000000
RFACTOR;1831221;6;3008863;1500000;0;5000000
RFACTOR;1551268;6;2505;1500000;75340000;5000000
RFACTOR;1336594;6;2103634;1500000;0;5000000
RLAIR;52402;6;11441;1500000;10230000;5000000
RLBH;781041;6;55511;1498000;3260000;2495000
RLBH;1490726;6;111346;1498000;3380000;2495000
RLBH;2078070;6;39528;1498000;2610000;2495000
RLBH;165743;6;69717;1498000;2970000;2495000
RLBH;1201272;6;36184;1498000;2790000;2495000
RLBH;1584629;6;1980;1498000;2620000;2495000
RLBH;1241136;6;12046;1498000;3970000;2495000
RLBH;1500249;6;61135;1498000;5470000;2495000
RLBH;1392465;6;10;1498000;2590000;2495000
RLBH;476088;6;41746;1498000;2830000;2495000
RLBH;223664;6;24177;1498000;2560000;2495000
RLBH;1346797;6;11034;1498000;2770000;2495000
RLBH;1339305;6;41078;1498000;2890000;2495000
RLBH;166410;6;10827;1498000;2960000;2495000
RLBH;522881;6;34176;1498000;4040000;2495000
RLBH;187001;6;64381;1498000;2970000;2495000
RLBH;591731;6;203779;1498000;2750000;2495000
RLBH;2204466;6;11241;1498000;20370000;2495000
RLBH;1874205;6;71182;1498000;3200000;2495000
RLBH;1269056;6;2799;1498000;2960000;2495000
RLBH;128089;6;17734;1498000;2750000;2495000
RLBH;1817527;6;44780;1498000;2600000;2495000
RLBY1;188156;6;30240;1806000;10510000;6006000
RLBY1;1482732;6;150589;1806000;18860000;6006000
RLBY1;778806;6;43504;1806000;6260000;6006000
RLBY1;1526815;6;28487;1806000;6670000;6006000
RLBY1;1231116;6;123114;1806000;7180000;6006000
RLBY1;1982542;6;111196;1806000;6510000;6006000
RLBY1;1621924;6;1839;1806000;7350000;6006000
RLCZ;1818876;6;185211;2048000;11010000;10241000
RLCZ;760240;6;141105;2048000;10460000;10241000
RLCZ;1794402;6;8280;2048000;15020000;10241000
RLCZ;1451706;6;840631;2048000;10950000;10241000
RLCZ;752762;6;304631;2048000;11900000;10241000
RLCZ;1614453;6;232613;2048000;11000000;10241000
RLCZ;1495443;6;251780;2048000;11540000;10241000
RLCZ;1927617;6;285560;2048000;11750000;10241000
RLCZ;198524;6;166266;2048000;31959000000;10241000
RLCZ;1892041;6;20153;2048000;11370000;10241000
RLCZ;1495444;6;42435;2048000;11540000;10241000
RLCZ;920031;6;986108;2048000;11540000;10241000
RLCZ;194817;6;344149;2048000;17400000;10241000
RLCZ;1819733;6;20967;2048000;12570000;10241000
RLCZ;242644;6;264;2048000;10580000;10241000
RLCZ;226336;6;30963;2048000;11060000;10241000
RLCZ;1971084;6;378215;2048000;13010000;10241000
RLCZ;1916720;6;253470;2048000;21380000;10241000
RLCZ;242772;6;12374;2048000;10420000;10241000
RLCZ;121740;6;15237;2048000;11820000;10241000
RLCZ;1493963;6;18326;2048000;17280000;10241000
RLCZ;1450299;6;656806;2048000;12490000;10241000
RLCZ;1843042;6;290902;2048000;14490000;10241000
RLCZ;1524084;6;159733;2048000;11000000;10241000
RLCZ;1208677;6;2845;2048000;13200000;10241000
RLCZ;1313030;6;8120;2048000;11370000;10241000
RLCZ;1826300;6;147304;2048000;99000000;10241000
RLCZ;716199;6;433004;2048000;12200000;10241000
RLCZ;1640546;6;213800;2048000;12640000;10241000
RLCZ;198628;6;82925;2048000;31959000000;10241000
RLCZ;1644372;6;46466;2048000;10310000;10241000
RLCZ;1964715;6;45487;2048000;11000000;10241000
RLHR;107576;6;191493;1542000;5280000;5107000
RLHR;304045;6;3963;1542000;5450000;5107000
RLHR;509455;6;62807;1542000;5970000;5107000
RLHR;936770;6;70611;1542000;5850000;5107000
RLHR;107500;6;0;1542000;5450000;5107000
RLHR;127539;6;5562;1542000;5280000;5107000
RLHR;108727;6;30779;1542000;5490000;5107000
RLHR;2204128;6;122687;1542000;6280000;5107000
RLKO;1642131;6;80244;1520000;6090000;5080000
RLKO;1615573;6;74387;1520000;5240000;5080000
RLKO;853321;6;10039;1520000;5610000;5080000
RLKO;535624;6;53444;1520000;6450000;5080000
RLKO;1056451;6;67227;1520000;6900000;5080000
RLKO;1824728;6;410028;1520000;6840000;5080000
RLKO;699372;6;16511;1520000;1251000000;5080000
RLKO;1638268;6;78465;1520000;9820000;5080000
RLKO;687974;6;13435;1520000;6450000;5080000
RLKO;323018;6;62303;1520000;5790000;5080000
RLRO;1856024;6;16167;1434000;9580000;4752000
RLRO;1527100;6;304495;1434000;7260000;4752000
RLRO;1431995;6;19982;1434000;5620000;4752000
RLRO;927210;6;48752;1434000;6480000;4752000
RLRO;850345;6;68053;1434000;5100000;4752000
RLRO;1644389;6;14601;1434000;9710000;4752000
RLRO;854381;6;12966;1434000;5230000;4752000
RLRO;1504786;6;1453;1434000;8370000;4752000
RLRO;1323657;6;23796;1434000;6200000;4752000
RLRO;1062916;6;210907;1434000;10250000;4752000
RLRO;1504785;6;20146;1434000;8370000;4752000
RLRO;926584;6;5238;1434000;5090000;4752000
RLRO;2198188;6;3907;1434000;6070000;4752000
RLRO;664924;6;12097;1434000;6090000;4752000
RLRO;869844;6;133375;1434000;5110000;4752000
RLRO;1062917;6;9958;1434000;10250000;4752000
RLRO;472541;6;318808;1434000;4950000;4752000
RLRO;1868147;6;13294;1434000;9080000;4752000
RLRO;178694;6;149881;1434000;5120000;4752000
RLRO;724493;6;43265;1434000;4930000;4752000
RLRO;664923;6;790563;1434000;6090000;4752000
RLRO;1215404;6;56971;1434000;4810000;4752000
RLRO;1803821;6;49697;1434000;8610000;4752000
RLRO;768707;6;15450;1434000;4930000;4752000
RLRO;930733;6;11505;1434000;5180000;4752000
RLRO;1968337;6;12163;1434000;5780000;4752000
RLRO;927404;6;214761;1434000;4910000;4752000
RLRO;1429047;6;423975;1434000;4970000;4752000
RLRO;808143;6;12227;1434000;8490000;4752000
RLRO;152201;6;787126;1434000;5770000;4752000
RLRO;806438;6;194;1434000;7260000;4752000
RLRO;926393;6;584273;1434000;5620000;4752000
RLRO;926391;6;201864;1434000;4790000;4752000
RLRO;829222;6;11246;1434000;5080000;4752000
RLRO;1361827;6;382830;1434000;7300000;4752000
RLRO;927258;6;128858;1434000;5030000;4752000
RLRO;1500800;6;1947;1434000;4950000;4752000
RLRO;931188;6;3140;1434000;4910000;4752000
RLRO;2010760;6;11644;1434000;5650000;4752000
RLRO;1916955;6;226312;1434000;5440000;4752000
RLRO;958167;6;460142;1434000;8330000;4752000
RLRO;756224;6;102200;1434000;4900000;4752000
RLRO;695348;6;12147;1434000;22310000;4752000
RLRO;1836457;6;45161;1434000;5240000;4752000
RLRO;1211174;6;36999;1434000;6340000;4752000
RLRO;1899086;6;2661;1434000;5240000;4752000
RLRO;928560;6;32161;1434000;10310000;4752000
RLRO;871186;6;386870;1434000;6950000;4752000
RLRO;1971863;6;3439;1434000;5360000;4752000
RLRO;780629;6;73899;1434000;5730000;4752000
RLRO;780827;6;20883;1434000;9710000;4752000
RLRO;1644394;6;1796;1434000;9710000;4752000
RLRO;1782416;6;144419;1434000;5180000;4752000
RLRO;949824;6;33082;1434000;22310000;4752000
RLRO;623665;6;11438;1434000;5300000;4752000
RLRO;727716;6;25803;1434000;4920000;4752000
RLRO;1557642;6;13346;1434000;7280000;4752000
RLRO;927224;6;147190;1434000;5430000;4752000
RLRO;1534661;6;9786;1434000;5640000;4752000
RLRO;753952;6;73781;1434000;4810000;4752000
RLRO;1327823;6;90485;1434000;5740000;4752000
RLRO;2026786;6;30157;1434000;10250000;4752000
RLRO;546790;6;21014;1434000;22310000;4752000
RLRO;793039;6;92129;1434000;9080000;4752000
RLRO;1431988;6;23203;1434000;6380000;4752000
RLRO;932792;6;141874;1434000;5260000;4752000
RLRO;161972;6;11305;1434000;5690000;4752000
RLRO;920508;6;13521;1434000;5430000;4752000
RLRO;759213;6;57778;1434000;7200000;4752000
RLRO;137407;6;6181;1434000;5520000;4752000
RLRO;764462;6;59182;1434000;5330000;4752000
RLRO;1027563;6;32468;1434000;7190000;4752000
RLRO;534184;6;18028;1434000;10070000;4752000
RLRO;682125;6;648510;1434000;5780000;4752000
RLRO;725492;6;28556;1434000;4930000;4752000
RLRO;1356791;6;28836;1434000;5030000;4752000
RLRO;186762;6;46874;1434000;4850000;4752000
RLRS;873395;6;27510;1016000;3060000;3039000
RLRS;1250679;6;18806;1016000;3970000;3039000
RLRS;1401971;6;54843;1016000;3050000;3039000
RLRS;2105709;6;4268;1016000;4530000;3039000
RLRS;1855461;6;8175;1016000;3290000;3039000
RLRS;292516;6;31702;1016000;3270000;3039000
RLRS;2079872;6;27864;1016000;3070000;3039000
RLRS;726774;6;178158;1016000;3570000;3039000
RLRS;2078497;6;18365;1016000;3570000;3039000
RLRS;1646028;6;19422;1016000;5040000;3039000
RLRS;139121;6;12169;1016000;4330000;3039000
RLRS;1427125;6;14132;1016000;3890000;3039000
RLRS;2176533;6;22998;1016000;3640000;3039000
RLRS;795170;6;3702;1016000;3550000;3039000
RLRS;1842635;6;1507;1016000;4570000;3039000
RLRS;1794082;6;24004;1016000;3410000;3039000
RLRS;1915859;6;43045;1016000;4190000;3039000
RLRS;1319476;6;97614;1016000;3890000;3039000
RLRS;1781701;6;5433;1016000;3120000;3039000
RLRS;934079;6;105694;1016000;3870000;3039000
RLRS;779023;6;59365;1016000;3630000;3039000
RLRS;848392;6;15244;1016000;4250000;3039000
RLRS;1998412;6;293048;1016000;3340000;3039000
RLRS;682030;6;127668;1016000;3990000;3039000
RLRS;178833;6;1327;1016000;17930000;3039000
RLRS;1893560;6;13524;1016000;3300000;3039000
RLRS;2143232;6;28781;1016000;3690000;3039000
RLRS;1430160;6;11929;1016000;3040000;3039000
RLRS;1527498;6;26613;1016000;12000000;3039000
RLRS;945003;6;50674;1016000;3710000;3039000
RLRS;1795278;6;108415;1016000;4040000;3039000
RLRS;2178827;6;45285;1016000;4090000;3039000
RLRS;2153059;6;371025;1016000;3230000;3039000
RLRS;688002;6;8307;1016000;4040000;3039000
RLRS;1483549;6;38182;1016000;3490000;3039000
RLRS;717933;6;8023;1016000;3270000;3039000
RLRS;161268;6;2997;1016000;4970000;3039000
RLRS;1809826;6;17238;1016000;4380000;3039000
RLRS;1349441;6;50446;1016000;3110000;3039000
RLRS;236104;6;32194;1016000;3250000;3039000
RLRS;1062865;6;19902;1016000;3490000;3039000
RLRS;118518;6;6617;1016000;4860000;3039000
RLRS;724598;6;35609;1016000;3450000;3039000
RLRS;625576;6;65651;1016000;3380000;3039000
RLRS;1036816;6;4571;1016000;3050000;3039000
RLRS;521267;6;19091;1016000;3660000;3039000
RLRS;2028372;6;15105;1016000;3950000;3039000
RLRS;1587337;6;23750;1016000;3190000;3039000
RLRS;722474;6;8333;1016000;3410000;3039000
RLRS;139150;6;28599;1016000;3490000;3039000
RLRS;118881;6;3637;1016000;6190000;3039000
RLRS;1528453;6;784;1016000;3200000;3039000
RLRS;1504803;6;311471;1016000;3230000;3039000
RLRS;1786893;6;16695;1016000;4180000;3039000
RLRS;1629097;6;1833;1016000;6200000;3039000
RLRS;2150580;6;35475;1016000;3690000;3039000
RLRS;786030;6;51981;1016000;3990000;3039000
RLRS;1985174;6;5579;1016000;3690000;3039000
RLRS;1508560;6;3864;1016000;4030000;3039000
RLRS;2119385;6;17677;1016000;3640000;3039000
RLRS;1426986;6;18043;1016000;3380000;3039000
RLRS;1983623;6;18348;1016000;11620000;3039000
RLRS;725952;6;11503;1016000;4260000;3039000
RLRS;2076110;6;24160;1016000;3110000;3039000
RLRS;1558809;6;227303;1016000;3500000;3039000
RLRS;1883732;6;10429;1016000;3210000;3039000
RLRS;291056;6;267175;1016000;3170000;3039000
RLRS;1426987;6;4540;1016000;3380000;3039000
RLRS;888399;6;39245;1016000;4020000;3039000
RLRS;885532;6;25108;1016000;4100000;3039000
RLRS;2154895;6;19869;1016000;3480000;3039000
RLRS;1917839;6;31460;1016000;3290000;3039000
RLRS;1395649;6;60148;1016000;6840000;3039000
RLRS;700259;6;29432;1016000;3990000;3039000
RLRU;1973090;6;5079;2128000;10150000;7092000
RLRU;1968039;6;85787;2128000;18520000;7092000
RLRU;1616653;6;296394;2128000;7960000;7092000
RLRU;1974611;6;5759;2128000;9190000;7092000
RLRU;1926415;6;11623;2128000;7360000;7092000
RLRU;885220;6;70471;2128000;8310000;7092000
RLRU;1876967;6;12609;2128000;7330000;7092000
RPL;1976139;6;73486;1500000;5090000;5000000
RPL;1217676;6;34351;1500000;8350000;5000000
RPL;110975;6;2189;1500000;5990000;5000000
RPL;660629;6;136356;1500000;10290000;5000000
RPL;388794;6;37603;1500000;6280000;5000000
RPL;1487333;6;133574;1500000;6040000;5000000
RPL;781492;6;16628;1500000;6280000;5000000
RPL;1331839;6;8791;1500000;6300000;5000000
RPL;1998977;6;186705;1500000;6040000;5000000
RPL;1484669;6;47588;1500000;6380000;5000000
RPL;469277;6;9883;1500000;7140000;5000000
RPL;76260;6;39510;1500000;6750000;5000000
RPL;1877908;6;8619;1500000;7270000;5000000
RPL;1809893;6;9299;1500000;5750000;5000000
RPL;1512986;6;27605;1500000;5010000;5000000
RPL;2072752;6;16479;1500000;7900000;5000000
RPL;948712;6;137818;1500000;6040000;5000000
RPL;117327;6;26100;1500000;6450000;5000000
RPL;442751;6;9149;1500000;6300000;5000000
RPL;1865100;6;93728;1500000;5650000;5000000
RPL;712102;6;41287;1500000;6380000;5000000
RPL;1339332;6;12375;1500000;6300000;5000000
RPL;77155;6;86226;1500000;5010000;5000000
RPL;1332222;6;16338;1500000;6560000;5000000
RPL;1996904;6;22077;1500000;5890000;5000000
RPL;1497763;6;18799;1500000;6490000;5000000
RPL;1240569;6;29459;1500000;5900000;5000000
RPL;75257;6;18964;1500000;7060000;5000000
RPL;77575;6;34960;1500000;5540000;5000000
RPL;1516136;6;3959;1500000;5330000;5000000
RPL;1395226;6;51774;1500000;9030000;5000000
RPL;551674;6;38886;1500000;5040000;5000000
RPL;1241394;6;24821;1500000;5740000;5000000
RPL;671582;6;11362;1500000;7490000;5000000
RPL;160681;6;8834;1500000;8310000;5000000
TBSK;504441;6;40000;1510000;9100000;8060000
TBSK;715810;6;283348;1510000;9930000;8060000
TBSK;1613904;6;14208;1510000;12910000;8060000
TBSK;884955;6;189619;1510000;9490000;8060000
TBSK;751931;6;11000;1510000;9400000;8060000
TBSK;1609009;6;90000;1510000;10640000;8060000
TBSK;90403;6;217800;1510000;8090000;8060000
TBSK;704476;6;7;1510000;12310000;8060000
TBSK;1234112;6;150000;1510000;10560000;8060000
TBSK;512910;6;200000;1510000;13990000;8060000
TBSK;690057;6;3320;1510000;8360000;8060000
TBSK;307519;6;200094;1510000;8300000;8060000
TBSK;850850;6;791251;1510000;8300000;8060000
TBSK;281833;6;700000;1510000;10300000;8060000
TBSK;1205798;6;1501500;1510000;10700000;8060000
TBSK;100044;6;200000;1510000;11210000;8060000
TBSK;713204;6;2;1510000;16120000;8060000
TBSK;670046;6;547976;1510000;8180000;8060000
TBSK;1560431;6;761223;1510000;9070000;8060000
TBSK;100107;6;315000;1510000;8840000;8060000
TBSK;1590936;6;464869;1510000;8510000;8060000
TBSK;708196;6;10000;1510000;9450000;8060000
TBSK;757951;6;9828;1510000;9160000;8060000
TBSK;597926;6;800000;1510000;8780000;8060000
TBSK;806601;6;400000;1510000;9490000;8060000
TBSK;227312;6;789920;1510000;8900000;8060000
TBSK;101729;6;1000000;1510000;8450000;8060000
TBSK;803142;6;50000;1510000;27180000;8060000
TBSK;936293;6;200000;1510000;22210000;8060000
TBSK;101104;6;500000;1510000;9390000;8060000
TBSK;1549355;6;400000;1510000;8390000;8060000
TBSK;1523599;6;19;1510000;8300000;8060000
TBSK;1050493;6;200000;1510000;9080000;8060000
TBSK;468383;6;281;1510000;9720000;8060000
TBSK;208978;6;15000;1510000;8260000;8060000
TBSK;122755;6;5283;1510000;8780000;8060000
TBSK;762967;6;176435;1510000;9810000;8060000
TBSK;692283;6;451866;1510000;8830000;8060000
TBSK;2079526;6;7;1510000;9490000;8060000
TBSK;1853707;6;12;1510000;9380000;8060000
TBSK;122911;6;220157;1510000;12910000;8060000
TBSK;674274;6;80864;1510000;8730000;8060000
TBSK;298767;6;106422;1510000;12310000;8060000
TBSK;1515803;6;316529;1510000;8290000;8060000
TBSK;1526972;6;510000;1510000;8500000;8060000
TBSK;122861;6;40000;1510000;10840000;8060000
TBSK;552827;6;833316;1510000;11020000;8060000
TBSK;164391;6;36781;1510000;12310000;8060000
TBSK;1242165;6;18;1510000;10640000;8060000
TBSK;1590688;6;100000;1510000;9430000;8060000
TBSK;944159;6;130000;1510000;9430000;8060000
TBSK;432593;6;1522661;1510000;1660000;8060000
TBSK;208158;6;200000;1510000;10410000;8060000
TBSK;100188;6;228060;1510000;9810000;8060000
TBSK;153361;6;700000;1510000;10020000;8060000
TBSK;751920;6;60000;1510000;27180000;8060000
TBSK;726763;6;100000;1510000;10640000;8060000
TBSK;804067;6;2000;1510000;9160000;8060000
TBSK;98687;6;850718;1510000;8230000;8060000
TLSK;1840914;6;14203;1510000;9070000;8060000
TLSK;887081;6;20791;1510000;16120000;8060000
TLSK;2036386;6;6817;1510000;26690000;8060000
TLSK;1603256;6;493820;1510000;19540000;8060000
TLSK;2117219;6;67793;1510000;8760000;8060000
TLSK;2079822;6;192181;1510000;8730000;8060000
TLSK;122911;6;16124;1510000;12910000;8060000
TLSK;806601;6;57840;1510000;9490000;8060000
TLSK;624801;6;99;1510000;8150000;8060000
TLSK;2117840;6;35423;1510000;8080000;8060000
TLSK;692283;6;59195;1510000;8830000;8060000
TLSK;1549355;6;56391;1510000;8390000;8060000
TLSK;1570883;6;334938;1510000;9140000;8060000
TLSK;450938;6;66233;1510000;8830000;8060000
TLSK;496559;6;1064936;1510000;20220000;8060000
TLSK;597926;6;105558;1510000;8780000;8060000
TLSK;1393861;6;78128;1510000;8460000;8060000
TLSK;1223590;6;50135;1510000;8200000;8060000
TLSK;2036360;6;462408;1510000;9010000;8060000
TLSK;708196;6;95757;1510000;9450000;8060000
TLSK;689645;6;27860;1510000;30630000;8060000
TLSK;674274;6;1749;1510000;8730000;8060000
TLSK;2073037;6;169043;1510000;14190000;8060000
TLSK;1359606;6;3687;1510000;9160000;8060000
TLSK;164391;6;18290;1510000;12310000;8060000
TLSK;2036324;6;375841;1510000;9140000;8060000
TLSK;598380;6;175211;1510000;8350000;8060000
TLSK;884955;6;42520;1510000;9490000;8060000
TLSK;539201;6;38340;1510000;27180000;8060000
TLSK;703889;6;1953;1510000;14900000;8060000
TLSK;2036387;6;89904;1510000;10840000;8060000
TLSK;598379;6;656826;1510000;8350000;8060000
TLSK;1515803;6;17672;1510000;8290000;8060000
TLSK;798441;6;74988;1510000;10100000;8060000
TLSK;1449628;6;65332;1510000;20220000;8060000
TLSK;207693;6;40047;1510000;8670000;8060000
TLSK;1062651;6;312122;1510000;9600000;8060000
TLSK;710586;6;97;1510000;8190000;8060000
TLSK;1613904;6;77982;1510000;12910000;8060000
TLSK;498666;6;7558;1510000;14900000;8060000
TLSK;1494399;6;1796;1510000;10200000;8060000
TLSK;857683;6;280360;1510000;8700000;8060000
TLSK;208158;6;254467;1510000;10410000;8060000
TLSK;777775;6;358430;1510000;8730000;8060000
TLSK;2036349;6;188264;1510000;9140000;8060000
TLSK;2036383;6;232192;1510000;9380000;8060000
TLSK;690340;6;31250;1510000;30630000;8060000
TLSK;98687;6;58084;1510000;8230000;8060000
TLSK;1853707;6;400416;1510000;9380000;8060000
